Minuet in G,JS. Bach,1,no metronome,right
Minuet in G,JS. Bach,1,no metronome,left
Minuet in G,JS. Bach,1,no metronome,both
Minuet in G,JS. Bach,2,no metronome,right
Minuet in G,JS. Bach,2,no metronome,left
Minuet in G,JS. Bach,2,no metronome,both
Minuet in G,JS. Bach,3,no metronome,right
Minuet in G,JS. Bach,3,no metronome,left
Minuet in G,JS. Bach,3,no metronome,both
Minuet in G,JS. Bach,4,no metronome,right
Minuet in G,JS. Bach,4,no metronome,left
Minuet in G,JS. Bach,4,no metronome,both
Minuet in G,JS. Bach,5,no metronome,right
Minuet in G,JS. Bach,5,no metronome,left
Minuet in G,JS. Bach,5,no metronome,both
Minuet in G,JS. Bach,6,no metronome,right
Minuet in G,JS. Bach,6,no metronome,left
Minuet in G,JS. Bach,6,no metronome,both
Minuet in G,JS. Bach,7,no metronome,right
Minuet in G,JS. Bach,7,no metronome,left
Minuet in G,JS. Bach,7,no metronome,both
Minuet in G,JS. Bach,8,no metronome,right
Minuet in G,JS. Bach,8,no metronome,left
Minuet in G,JS. Bach,8,no metronome,both
Minuet in G,JS. Bach,9,no metronome,right
Minuet in G,JS. Bach,9,no metronome,left
Minuet in G,JS. Bach,9,no metronome,both
Minuet in G,JS. Bach,10,no metronome,right
Minuet in G,JS. Bach,10,no metronome,left
Minuet in G,JS. Bach,10,no metronome,both
Minuet in G,JS. Bach,11,no metronome,right
Minuet in G,JS. Bach,11,no metronome,left
Minuet in G,JS. Bach,11,no metronome,both
Minuet in G,JS. Bach,12,no metronome,right
Minuet in G,JS. Bach,12,no metronome,left
Minuet in G,JS. Bach,12,no metronome,both
Minuet in G,JS. Bach,13,no metronome,right
Minuet in G,JS. Bach,13,no metronome,left
Minuet in G,JS. Bach,13,no metronome,both
Minuet in G,JS. Bach,14,no metronome,right
Minuet in G,JS. Bach,14,no metronome,left
Minuet in G,JS. Bach,14,no metronome,both
Minuet in G,JS. Bach,15,no metronome,right
Minuet in G,JS. Bach,15,no metronome,left
Minuet in G,JS. Bach,15,no metronome,both
Minuet in G,JS. Bach,16,no metronome,right
Minuet in G,JS. Bach,16,no metronome,left
Minuet in G,JS. Bach,16,no metronome,both
Minuet in G,JS. Bach,17,no metronome,right
Minuet in G,JS. Bach,17,no metronome,left
Minuet in G,JS. Bach,17,no metronome,both
Minuet in G,JS. Bach,18,no metronome,right
Minuet in G,JS. Bach,18,no metronome,left
Minuet in G,JS. Bach,18,no metronome,both
Minuet in G,JS. Bach,19,no metronome,right
Minuet in G,JS. Bach,19,no metronome,left
Minuet in G,JS. Bach,19,no metronome,both
Minuet in G,JS. Bach,20,no metronome,right
Minuet in G,JS. Bach,20,no metronome,left
Minuet in G,JS. Bach,20,no metronome,both
Minuet in G,JS. Bach,21,no metronome,right
Minuet in G,JS. Bach,21,no metronome,left
Minuet in G,JS. Bach,21,no metronome,both
Minuet in G,JS. Bach,22,no metronome,right
Minuet in G,JS. Bach,22,no metronome,left
Minuet in G,JS. Bach,22,no metronome,both
Minuet in G,JS. Bach,23,no metronome,right
Minuet in G,JS. Bach,23,no metronome,left
Minuet in G,JS. Bach,23,no metronome,both
Minuet in G,JS. Bach,24,no metronome,right
Minuet in G,JS. Bach,24,no metronome,left
Minuet in G,JS. Bach,24,no metronome,both
Minuet in G,JS. Bach,25,no metronome,right
Minuet in G,JS. Bach,25,no metronome,left
Minuet in G,JS. Bach,25,no metronome,both
Minuet in G,JS. Bach,26,no metronome,right
Minuet in G,JS. Bach,26,no metronome,left
Minuet in G,JS. Bach,26,no metronome,both
Minuet in G,JS. Bach,27,no metronome,right
Minuet in G,JS. Bach,27,no metronome,left
Minuet in G,JS. Bach,27,no metronome,both
Minuet in G,JS. Bach,28,no metronome,right
Minuet in G,JS. Bach,28,no metronome,left
Minuet in G,JS. Bach,28,no metronome,both
Minuet in G,JS. Bach,29,no metronome,right
Minuet in G,JS. Bach,29,no metronome,left
Minuet in G,JS. Bach,29,no metronome,both
Minuet in G,JS. Bach,30,no metronome,right
Minuet in G,JS. Bach,30,no metronome,left
Minuet in G,JS. Bach,30,no metronome,both
Minuet in G,JS. Bach,31,no metronome,right
Minuet in G,JS. Bach,31,no metronome,left
Minuet in G,JS. Bach,31,no metronome,both
Minuet in G,JS. Bach,32,no metronome,right
Minuet in G,JS. Bach,32,no metronome,left
Minuet in G,JS. Bach,32,no metronome,both
Minuet in G,JS. Bach,1-2,no metronome,right
Minuet in G,JS. Bach,1-2,no metronome,left
Minuet in G,JS. Bach,1-2,no metronome,both
Minuet in G,JS. Bach,3-4,no metronome,right
Minuet in G,JS. Bach,3-4,no metronome,left
Minuet in G,JS. Bach,3-4,no metronome,both
Minuet in G,JS. Bach,5-6,no metronome,right
Minuet in G,JS. Bach,5-6,no metronome,left
Minuet in G,JS. Bach,5-6,no metronome,both
Minuet in G,JS. Bach,7-8,no metronome,right
Minuet in G,JS. Bach,7-8,no metronome,left
Minuet in G,JS. Bach,7-8,no metronome,both
Minuet in G,JS. Bach,9-10,no metronome,right
Minuet in G,JS. Bach,9-10,no metronome,left
Minuet in G,JS. Bach,9-10,no metronome,both
Minuet in G,JS. Bach,11-12,no metronome,right
Minuet in G,JS. Bach,11-12,no metronome,left
Minuet in G,JS. Bach,11-12,no metronome,both
Minuet in G,JS. Bach,13-14,no metronome,right
Minuet in G,JS. Bach,13-14,no metronome,left
Minuet in G,JS. Bach,13-14,no metronome,both
Minuet in G,JS. Bach,15-16,no metronome,right
Minuet in G,JS. Bach,15-16,no metronome,left
Minuet in G,JS. Bach,15-16,no metronome,both
Minuet in G,JS. Bach,17-18,no metronome,right
Minuet in G,JS. Bach,17-18,no metronome,left
Minuet in G,JS. Bach,17-18,no metronome,both
Minuet in G,JS. Bach,19-20,no metronome,right
Minuet in G,JS. Bach,19-20,no metronome,left
Minuet in G,JS. Bach,19-20,no metronome,both
Minuet in G,JS. Bach,21-22,no metronome,right
Minuet in G,JS. Bach,21-22,no metronome,left
Minuet in G,JS. Bach,21-22,no metronome,both
Minuet in G,JS. Bach,23-24,no metronome,right
Minuet in G,JS. Bach,23-24,no metronome,left
Minuet in G,JS. Bach,23-24,no metronome,both
Minuet in G,JS. Bach,25-26,no metronome,right
Minuet in G,JS. Bach,25-26,no metronome,left
Minuet in G,JS. Bach,25-26,no metronome,both
Minuet in G,JS. Bach,27-28,no metronome,right
Minuet in G,JS. Bach,27-28,no metronome,left
Minuet in G,JS. Bach,27-28,no metronome,both
Minuet in G,JS. Bach,29-30,no metronome,right
Minuet in G,JS. Bach,29-30,no metronome,left
Minuet in G,JS. Bach,29-30,no metronome,both
Minuet in G,JS. Bach,31-32,no metronome,right
Minuet in G,JS. Bach,31-32,no metronome,left
Minuet in G,JS. Bach,31-32,no metronome,both
Minuet in G,JS. Bach,1-4,no metronome,right
Minuet in G,JS. Bach,1-4,no metronome,left
Minuet in G,JS. Bach,1-4,no metronome,both
Minuet in G,JS. Bach,5-8,no metronome,right
Minuet in G,JS. Bach,5-8,no metronome,left
Minuet in G,JS. Bach,5-8,no metronome,both
Minuet in G,JS. Bach,9-12,no metronome,right
Minuet in G,JS. Bach,9-12,no metronome,left
Minuet in G,JS. Bach,9-12,no metronome,both
Minuet in G,JS. Bach,13-16,no metronome,right
Minuet in G,JS. Bach,13-16,no metronome,left
Minuet in G,JS. Bach,13-16,no metronome,both
Minuet in G,JS. Bach,17-20,no metronome,right
Minuet in G,JS. Bach,17-20,no metronome,left
Minuet in G,JS. Bach,17-20,no metronome,both
Minuet in G,JS. Bach,21-24,no metronome,right
Minuet in G,JS. Bach,21-24,no metronome,left
Minuet in G,JS. Bach,21-24,no metronome,both
Minuet in G,JS. Bach,25-28,no metronome,right
Minuet in G,JS. Bach,25-28,no metronome,left
Minuet in G,JS. Bach,25-28,no metronome,both
Minuet in G,JS. Bach,29-32,no metronome,right
Minuet in G,JS. Bach,29-32,no metronome,left
Minuet in G,JS. Bach,29-32,no metronome,both
Minuet in G,JS. Bach,1-8,no metronome,right
Minuet in G,JS. Bach,1-8,no metronome,left
Minuet in G,JS. Bach,1-8,no metronome,both
Minuet in G,JS. Bach,9-16,no metronome,right
Minuet in G,JS. Bach,9-16,no metronome,left
Minuet in G,JS. Bach,9-16,no metronome,both
Minuet in G,JS. Bach,17-24,no metronome,right
Minuet in G,JS. Bach,17-24,no metronome,left
Minuet in G,JS. Bach,17-24,no metronome,both
Minuet in G,JS. Bach,25-32,no metronome,right
Minuet in G,JS. Bach,25-32,no metronome,left
Minuet in G,JS. Bach,25-32,no metronome,both
Minuet in G,JS. Bach,1,55,right
Minuet in G,JS. Bach,1,55,left
Minuet in G,JS. Bach,1,55,both
Minuet in G,JS. Bach,2,55,right
Minuet in G,JS. Bach,2,55,left
Minuet in G,JS. Bach,2,55,both
Minuet in G,JS. Bach,3,55,right
Minuet in G,JS. Bach,3,55,left
Minuet in G,JS. Bach,3,55,both
Minuet in G,JS. Bach,4,55,right
Minuet in G,JS. Bach,4,55,left
Minuet in G,JS. Bach,4,55,both
Minuet in G,JS. Bach,5,55,right
Minuet in G,JS. Bach,5,55,left
Minuet in G,JS. Bach,5,55,both
Minuet in G,JS. Bach,6,55,right
Minuet in G,JS. Bach,6,55,left
Minuet in G,JS. Bach,6,55,both
Minuet in G,JS. Bach,7,55,right
Minuet in G,JS. Bach,7,55,left
Minuet in G,JS. Bach,7,55,both
Minuet in G,JS. Bach,8,55,right
Minuet in G,JS. Bach,8,55,left
Minuet in G,JS. Bach,8,55,both
Minuet in G,JS. Bach,9,55,right
Minuet in G,JS. Bach,9,55,left
Minuet in G,JS. Bach,9,55,both
Minuet in G,JS. Bach,10,55,right
Minuet in G,JS. Bach,10,55,left
Minuet in G,JS. Bach,10,55,both
Minuet in G,JS. Bach,11,55,right
Minuet in G,JS. Bach,11,55,left
Minuet in G,JS. Bach,11,55,both
Minuet in G,JS. Bach,12,55,right
Minuet in G,JS. Bach,12,55,left
Minuet in G,JS. Bach,12,55,both
Minuet in G,JS. Bach,13,55,right
Minuet in G,JS. Bach,13,55,left
Minuet in G,JS. Bach,13,55,both
Minuet in G,JS. Bach,14,55,right
Minuet in G,JS. Bach,14,55,left
Minuet in G,JS. Bach,14,55,both
Minuet in G,JS. Bach,15,55,right
Minuet in G,JS. Bach,15,55,left
Minuet in G,JS. Bach,15,55,both
Minuet in G,JS. Bach,16,55,right
Minuet in G,JS. Bach,16,55,left
Minuet in G,JS. Bach,16,55,both
Minuet in G,JS. Bach,17,55,right
Minuet in G,JS. Bach,17,55,left
Minuet in G,JS. Bach,17,55,both
Minuet in G,JS. Bach,18,55,right
Minuet in G,JS. Bach,18,55,left
Minuet in G,JS. Bach,18,55,both
Minuet in G,JS. Bach,19,55,right
Minuet in G,JS. Bach,19,55,left
Minuet in G,JS. Bach,19,55,both
Minuet in G,JS. Bach,20,55,right
Minuet in G,JS. Bach,20,55,left
Minuet in G,JS. Bach,20,55,both
Minuet in G,JS. Bach,21,55,right
Minuet in G,JS. Bach,21,55,left
Minuet in G,JS. Bach,21,55,both
Minuet in G,JS. Bach,22,55,right
Minuet in G,JS. Bach,22,55,left
Minuet in G,JS. Bach,22,55,both
Minuet in G,JS. Bach,23,55,right
Minuet in G,JS. Bach,23,55,left
Minuet in G,JS. Bach,23,55,both
Minuet in G,JS. Bach,24,55,right
Minuet in G,JS. Bach,24,55,left
Minuet in G,JS. Bach,24,55,both
Minuet in G,JS. Bach,25,55,right
Minuet in G,JS. Bach,25,55,left
Minuet in G,JS. Bach,25,55,both
Minuet in G,JS. Bach,26,55,right
Minuet in G,JS. Bach,26,55,left
Minuet in G,JS. Bach,26,55,both
Minuet in G,JS. Bach,27,55,right
Minuet in G,JS. Bach,27,55,left
Minuet in G,JS. Bach,27,55,both
Minuet in G,JS. Bach,28,55,right
Minuet in G,JS. Bach,28,55,left
Minuet in G,JS. Bach,28,55,both
Minuet in G,JS. Bach,29,55,right
Minuet in G,JS. Bach,29,55,left
Minuet in G,JS. Bach,29,55,both
Minuet in G,JS. Bach,30,55,right
Minuet in G,JS. Bach,30,55,left
Minuet in G,JS. Bach,30,55,both
Minuet in G,JS. Bach,31,55,right
Minuet in G,JS. Bach,31,55,left
Minuet in G,JS. Bach,31,55,both
Minuet in G,JS. Bach,32,55,right
Minuet in G,JS. Bach,32,55,left
Minuet in G,JS. Bach,32,55,both
Minuet in G,JS. Bach,1-2,55,right
Minuet in G,JS. Bach,1-2,55,left
Minuet in G,JS. Bach,1-2,55,both
Minuet in G,JS. Bach,3-4,55,right
Minuet in G,JS. Bach,3-4,55,left
Minuet in G,JS. Bach,3-4,55,both
Minuet in G,JS. Bach,5-6,55,right
Minuet in G,JS. Bach,5-6,55,left
Minuet in G,JS. Bach,5-6,55,both
Minuet in G,JS. Bach,7-8,55,right
Minuet in G,JS. Bach,7-8,55,left
Minuet in G,JS. Bach,7-8,55,both
Minuet in G,JS. Bach,9-10,55,right
Minuet in G,JS. Bach,9-10,55,left
Minuet in G,JS. Bach,9-10,55,both
Minuet in G,JS. Bach,11-12,55,right
Minuet in G,JS. Bach,11-12,55,left
Minuet in G,JS. Bach,11-12,55,both
Minuet in G,JS. Bach,13-14,55,right
Minuet in G,JS. Bach,13-14,55,left
Minuet in G,JS. Bach,13-14,55,both
Minuet in G,JS. Bach,15-16,55,right
Minuet in G,JS. Bach,15-16,55,left
Minuet in G,JS. Bach,15-16,55,both
Minuet in G,JS. Bach,17-18,55,right
Minuet in G,JS. Bach,17-18,55,left
Minuet in G,JS. Bach,17-18,55,both
Minuet in G,JS. Bach,19-20,55,right
Minuet in G,JS. Bach,19-20,55,left
Minuet in G,JS. Bach,19-20,55,both
Minuet in G,JS. Bach,21-22,55,right
Minuet in G,JS. Bach,21-22,55,left
Minuet in G,JS. Bach,21-22,55,both
Minuet in G,JS. Bach,23-24,55,right
Minuet in G,JS. Bach,23-24,55,left
Minuet in G,JS. Bach,23-24,55,both
Minuet in G,JS. Bach,25-26,55,right
Minuet in G,JS. Bach,25-26,55,left
Minuet in G,JS. Bach,25-26,55,both
Minuet in G,JS. Bach,27-28,55,right
Minuet in G,JS. Bach,27-28,55,left
Minuet in G,JS. Bach,27-28,55,both
Minuet in G,JS. Bach,29-30,55,right
Minuet in G,JS. Bach,29-30,55,left
Minuet in G,JS. Bach,29-30,55,both
Minuet in G,JS. Bach,31-32,55,right
Minuet in G,JS. Bach,31-32,55,left
Minuet in G,JS. Bach,31-32,55,both
Minuet in G,JS. Bach,1-4,55,right
Minuet in G,JS. Bach,1-4,55,left
Minuet in G,JS. Bach,1-4,55,both
Minuet in G,JS. Bach,5-8,55,right
Minuet in G,JS. Bach,5-8,55,left
Minuet in G,JS. Bach,5-8,55,both
Minuet in G,JS. Bach,9-12,55,right
Minuet in G,JS. Bach,9-12,55,left
Minuet in G,JS. Bach,9-12,55,both
Minuet in G,JS. Bach,13-16,55,right
Minuet in G,JS. Bach,13-16,55,left
Minuet in G,JS. Bach,13-16,55,both
Minuet in G,JS. Bach,17-20,55,right
Minuet in G,JS. Bach,17-20,55,left
Minuet in G,JS. Bach,17-20,55,both
Minuet in G,JS. Bach,21-24,55,right
Minuet in G,JS. Bach,21-24,55,left
Minuet in G,JS. Bach,21-24,55,both
Minuet in G,JS. Bach,25-28,55,right
Minuet in G,JS. Bach,25-28,55,left
Minuet in G,JS. Bach,25-28,55,both
Minuet in G,JS. Bach,29-32,55,right
Minuet in G,JS. Bach,29-32,55,left
Minuet in G,JS. Bach,29-32,55,both
Minuet in G,JS. Bach,1-8,55,right
Minuet in G,JS. Bach,1-8,55,left
Minuet in G,JS. Bach,1-8,55,both
Minuet in G,JS. Bach,9-16,55,right
Minuet in G,JS. Bach,9-16,55,left
Minuet in G,JS. Bach,9-16,55,both
Minuet in G,JS. Bach,17-24,55,right
Minuet in G,JS. Bach,17-24,55,left
Minuet in G,JS. Bach,17-24,55,both
Minuet in G,JS. Bach,25-32,55,right
Minuet in G,JS. Bach,25-32,55,left
Minuet in G,JS. Bach,25-32,55,both
Minuet in G,JS. Bach,1,60,right
Minuet in G,JS. Bach,1,60,left
Minuet in G,JS. Bach,1,60,both
Minuet in G,JS. Bach,2,60,right
Minuet in G,JS. Bach,2,60,left
Minuet in G,JS. Bach,2,60,both
Minuet in G,JS. Bach,3,60,right
Minuet in G,JS. Bach,3,60,left
Minuet in G,JS. Bach,3,60,both
Minuet in G,JS. Bach,4,60,right
Minuet in G,JS. Bach,4,60,left
Minuet in G,JS. Bach,4,60,both
Minuet in G,JS. Bach,5,60,right
Minuet in G,JS. Bach,5,60,left
Minuet in G,JS. Bach,5,60,both
Minuet in G,JS. Bach,6,60,right
Minuet in G,JS. Bach,6,60,left
Minuet in G,JS. Bach,6,60,both
Minuet in G,JS. Bach,7,60,right
Minuet in G,JS. Bach,7,60,left
Minuet in G,JS. Bach,7,60,both
Minuet in G,JS. Bach,8,60,right
Minuet in G,JS. Bach,8,60,left
Minuet in G,JS. Bach,8,60,both
Minuet in G,JS. Bach,9,60,right
Minuet in G,JS. Bach,9,60,left
Minuet in G,JS. Bach,9,60,both
Minuet in G,JS. Bach,10,60,right
Minuet in G,JS. Bach,10,60,left
Minuet in G,JS. Bach,10,60,both
Minuet in G,JS. Bach,11,60,right
Minuet in G,JS. Bach,11,60,left
Minuet in G,JS. Bach,11,60,both
Minuet in G,JS. Bach,12,60,right
Minuet in G,JS. Bach,12,60,left
Minuet in G,JS. Bach,12,60,both
Minuet in G,JS. Bach,13,60,right
Minuet in G,JS. Bach,13,60,left
Minuet in G,JS. Bach,13,60,both
Minuet in G,JS. Bach,14,60,right
Minuet in G,JS. Bach,14,60,left
Minuet in G,JS. Bach,14,60,both
Minuet in G,JS. Bach,15,60,right
Minuet in G,JS. Bach,15,60,left
Minuet in G,JS. Bach,15,60,both
Minuet in G,JS. Bach,16,60,right
Minuet in G,JS. Bach,16,60,left
Minuet in G,JS. Bach,16,60,both
Minuet in G,JS. Bach,17,60,right
Minuet in G,JS. Bach,17,60,left
Minuet in G,JS. Bach,17,60,both
Minuet in G,JS. Bach,18,60,right
Minuet in G,JS. Bach,18,60,left
Minuet in G,JS. Bach,18,60,both
Minuet in G,JS. Bach,19,60,right
Minuet in G,JS. Bach,19,60,left
Minuet in G,JS. Bach,19,60,both
Minuet in G,JS. Bach,20,60,right
Minuet in G,JS. Bach,20,60,left
Minuet in G,JS. Bach,20,60,both
Minuet in G,JS. Bach,21,60,right
Minuet in G,JS. Bach,21,60,left
Minuet in G,JS. Bach,21,60,both
Minuet in G,JS. Bach,22,60,right
Minuet in G,JS. Bach,22,60,left
Minuet in G,JS. Bach,22,60,both
Minuet in G,JS. Bach,23,60,right
Minuet in G,JS. Bach,23,60,left
Minuet in G,JS. Bach,23,60,both
Minuet in G,JS. Bach,24,60,right
Minuet in G,JS. Bach,24,60,left
Minuet in G,JS. Bach,24,60,both
Minuet in G,JS. Bach,25,60,right
Minuet in G,JS. Bach,25,60,left
Minuet in G,JS. Bach,25,60,both
Minuet in G,JS. Bach,26,60,right
Minuet in G,JS. Bach,26,60,left
Minuet in G,JS. Bach,26,60,both
Minuet in G,JS. Bach,27,60,right
Minuet in G,JS. Bach,27,60,left
Minuet in G,JS. Bach,27,60,both
Minuet in G,JS. Bach,28,60,right
Minuet in G,JS. Bach,28,60,left
Minuet in G,JS. Bach,28,60,both
Minuet in G,JS. Bach,29,60,right
Minuet in G,JS. Bach,29,60,left
Minuet in G,JS. Bach,29,60,both
Minuet in G,JS. Bach,30,60,right
Minuet in G,JS. Bach,30,60,left
Minuet in G,JS. Bach,30,60,both
Minuet in G,JS. Bach,31,60,right
Minuet in G,JS. Bach,31,60,left
Minuet in G,JS. Bach,31,60,both
Minuet in G,JS. Bach,32,60,right
Minuet in G,JS. Bach,32,60,left
Minuet in G,JS. Bach,32,60,both
Minuet in G,JS. Bach,1-2,60,right
Minuet in G,JS. Bach,1-2,60,left
Minuet in G,JS. Bach,1-2,60,both
Minuet in G,JS. Bach,3-4,60,right
Minuet in G,JS. Bach,3-4,60,left
Minuet in G,JS. Bach,3-4,60,both
Minuet in G,JS. Bach,5-6,60,right
Minuet in G,JS. Bach,5-6,60,left
Minuet in G,JS. Bach,5-6,60,both
Minuet in G,JS. Bach,7-8,60,right
Minuet in G,JS. Bach,7-8,60,left
Minuet in G,JS. Bach,7-8,60,both
Minuet in G,JS. Bach,9-10,60,right
Minuet in G,JS. Bach,9-10,60,left
Minuet in G,JS. Bach,9-10,60,both
Minuet in G,JS. Bach,11-12,60,right
Minuet in G,JS. Bach,11-12,60,left
Minuet in G,JS. Bach,11-12,60,both
Minuet in G,JS. Bach,13-14,60,right
Minuet in G,JS. Bach,13-14,60,left
Minuet in G,JS. Bach,13-14,60,both
Minuet in G,JS. Bach,15-16,60,right
Minuet in G,JS. Bach,15-16,60,left
Minuet in G,JS. Bach,15-16,60,both
Minuet in G,JS. Bach,17-18,60,right
Minuet in G,JS. Bach,17-18,60,left
Minuet in G,JS. Bach,17-18,60,both
Minuet in G,JS. Bach,19-20,60,right
Minuet in G,JS. Bach,19-20,60,left
Minuet in G,JS. Bach,19-20,60,both
Minuet in G,JS. Bach,21-22,60,right
Minuet in G,JS. Bach,21-22,60,left
Minuet in G,JS. Bach,21-22,60,both
Minuet in G,JS. Bach,23-24,60,right
Minuet in G,JS. Bach,23-24,60,left
Minuet in G,JS. Bach,23-24,60,both
Minuet in G,JS. Bach,25-26,60,right
Minuet in G,JS. Bach,25-26,60,left
Minuet in G,JS. Bach,25-26,60,both
Minuet in G,JS. Bach,27-28,60,right
Minuet in G,JS. Bach,27-28,60,left
Minuet in G,JS. Bach,27-28,60,both
Minuet in G,JS. Bach,29-30,60,right
Minuet in G,JS. Bach,29-30,60,left
Minuet in G,JS. Bach,29-30,60,both
Minuet in G,JS. Bach,31-32,60,right
Minuet in G,JS. Bach,31-32,60,left
Minuet in G,JS. Bach,31-32,60,both
Minuet in G,JS. Bach,1-4,60,right
Minuet in G,JS. Bach,1-4,60,left
Minuet in G,JS. Bach,1-4,60,both
Minuet in G,JS. Bach,5-8,60,right
Minuet in G,JS. Bach,5-8,60,left
Minuet in G,JS. Bach,5-8,60,both
Minuet in G,JS. Bach,9-12,60,right
Minuet in G,JS. Bach,9-12,60,left
Minuet in G,JS. Bach,9-12,60,both
Minuet in G,JS. Bach,13-16,60,right
Minuet in G,JS. Bach,13-16,60,left
Minuet in G,JS. Bach,13-16,60,both
Minuet in G,JS. Bach,17-20,60,right
Minuet in G,JS. Bach,17-20,60,left
Minuet in G,JS. Bach,17-20,60,both
Minuet in G,JS. Bach,21-24,60,right
Minuet in G,JS. Bach,21-24,60,left
Minuet in G,JS. Bach,21-24,60,both
Minuet in G,JS. Bach,25-28,60,right
Minuet in G,JS. Bach,25-28,60,left
Minuet in G,JS. Bach,25-28,60,both
Minuet in G,JS. Bach,29-32,60,right
Minuet in G,JS. Bach,29-32,60,left
Minuet in G,JS. Bach,29-32,60,both
Minuet in G,JS. Bach,1-8,60,right
Minuet in G,JS. Bach,1-8,60,left
Minuet in G,JS. Bach,1-8,60,both
Minuet in G,JS. Bach,9-16,60,right
Minuet in G,JS. Bach,9-16,60,left
Minuet in G,JS. Bach,9-16,60,both
Minuet in G,JS. Bach,17-24,60,right
Minuet in G,JS. Bach,17-24,60,left
Minuet in G,JS. Bach,17-24,60,both
Minuet in G,JS. Bach,25-32,60,right
Minuet in G,JS. Bach,25-32,60,left
Minuet in G,JS. Bach,25-32,60,both
Minuet in G,JS. Bach,1,65,right
Minuet in G,JS. Bach,1,65,left
Minuet in G,JS. Bach,1,65,both
Minuet in G,JS. Bach,2,65,right
Minuet in G,JS. Bach,2,65,left
Minuet in G,JS. Bach,2,65,both
Minuet in G,JS. Bach,3,65,right
Minuet in G,JS. Bach,3,65,left
Minuet in G,JS. Bach,3,65,both
Minuet in G,JS. Bach,4,65,right
Minuet in G,JS. Bach,4,65,left
Minuet in G,JS. Bach,4,65,both
Minuet in G,JS. Bach,5,65,right
Minuet in G,JS. Bach,5,65,left
Minuet in G,JS. Bach,5,65,both
Minuet in G,JS. Bach,6,65,right
Minuet in G,JS. Bach,6,65,left
Minuet in G,JS. Bach,6,65,both
Minuet in G,JS. Bach,7,65,right
Minuet in G,JS. Bach,7,65,left
Minuet in G,JS. Bach,7,65,both
Minuet in G,JS. Bach,8,65,right
Minuet in G,JS. Bach,8,65,left
Minuet in G,JS. Bach,8,65,both
Minuet in G,JS. Bach,9,65,right
Minuet in G,JS. Bach,9,65,left
Minuet in G,JS. Bach,9,65,both
Minuet in G,JS. Bach,10,65,right
Minuet in G,JS. Bach,10,65,left
Minuet in G,JS. Bach,10,65,both
Minuet in G,JS. Bach,11,65,right
Minuet in G,JS. Bach,11,65,left
Minuet in G,JS. Bach,11,65,both
Minuet in G,JS. Bach,12,65,right
Minuet in G,JS. Bach,12,65,left
Minuet in G,JS. Bach,12,65,both
Minuet in G,JS. Bach,13,65,right
Minuet in G,JS. Bach,13,65,left
Minuet in G,JS. Bach,13,65,both
Minuet in G,JS. Bach,14,65,right
Minuet in G,JS. Bach,14,65,left
Minuet in G,JS. Bach,14,65,both
Minuet in G,JS. Bach,15,65,right
Minuet in G,JS. Bach,15,65,left
Minuet in G,JS. Bach,15,65,both
Minuet in G,JS. Bach,16,65,right
Minuet in G,JS. Bach,16,65,left
Minuet in G,JS. Bach,16,65,both
Minuet in G,JS. Bach,17,65,right
Minuet in G,JS. Bach,17,65,left
Minuet in G,JS. Bach,17,65,both
Minuet in G,JS. Bach,18,65,right
Minuet in G,JS. Bach,18,65,left
Minuet in G,JS. Bach,18,65,both
Minuet in G,JS. Bach,19,65,right
Minuet in G,JS. Bach,19,65,left
Minuet in G,JS. Bach,19,65,both
Minuet in G,JS. Bach,20,65,right
Minuet in G,JS. Bach,20,65,left
Minuet in G,JS. Bach,20,65,both
Minuet in G,JS. Bach,21,65,right
Minuet in G,JS. Bach,21,65,left
Minuet in G,JS. Bach,21,65,both
Minuet in G,JS. Bach,22,65,right
Minuet in G,JS. Bach,22,65,left
Minuet in G,JS. Bach,22,65,both
Minuet in G,JS. Bach,23,65,right
Minuet in G,JS. Bach,23,65,left
Minuet in G,JS. Bach,23,65,both
Minuet in G,JS. Bach,24,65,right
Minuet in G,JS. Bach,24,65,left
Minuet in G,JS. Bach,24,65,both
Minuet in G,JS. Bach,25,65,right
Minuet in G,JS. Bach,25,65,left
Minuet in G,JS. Bach,25,65,both
Minuet in G,JS. Bach,26,65,right
Minuet in G,JS. Bach,26,65,left
Minuet in G,JS. Bach,26,65,both
Minuet in G,JS. Bach,27,65,right
Minuet in G,JS. Bach,27,65,left
Minuet in G,JS. Bach,27,65,both
Minuet in G,JS. Bach,28,65,right
Minuet in G,JS. Bach,28,65,left
Minuet in G,JS. Bach,28,65,both
Minuet in G,JS. Bach,29,65,right
Minuet in G,JS. Bach,29,65,left
Minuet in G,JS. Bach,29,65,both
Minuet in G,JS. Bach,30,65,right
Minuet in G,JS. Bach,30,65,left
Minuet in G,JS. Bach,30,65,both
Minuet in G,JS. Bach,31,65,right
Minuet in G,JS. Bach,31,65,left
Minuet in G,JS. Bach,31,65,both
Minuet in G,JS. Bach,32,65,right
Minuet in G,JS. Bach,32,65,left
Minuet in G,JS. Bach,32,65,both
Minuet in G,JS. Bach,1-2,65,right
Minuet in G,JS. Bach,1-2,65,left
Minuet in G,JS. Bach,1-2,65,both
Minuet in G,JS. Bach,3-4,65,right
Minuet in G,JS. Bach,3-4,65,left
Minuet in G,JS. Bach,3-4,65,both
Minuet in G,JS. Bach,5-6,65,right
Minuet in G,JS. Bach,5-6,65,left
Minuet in G,JS. Bach,5-6,65,both
Minuet in G,JS. Bach,7-8,65,right
Minuet in G,JS. Bach,7-8,65,left
Minuet in G,JS. Bach,7-8,65,both
Minuet in G,JS. Bach,9-10,65,right
Minuet in G,JS. Bach,9-10,65,left
Minuet in G,JS. Bach,9-10,65,both
Minuet in G,JS. Bach,11-12,65,right
Minuet in G,JS. Bach,11-12,65,left
Minuet in G,JS. Bach,11-12,65,both
Minuet in G,JS. Bach,13-14,65,right
Minuet in G,JS. Bach,13-14,65,left
Minuet in G,JS. Bach,13-14,65,both
Minuet in G,JS. Bach,15-16,65,right
Minuet in G,JS. Bach,15-16,65,left
Minuet in G,JS. Bach,15-16,65,both
Minuet in G,JS. Bach,17-18,65,right
Minuet in G,JS. Bach,17-18,65,left
Minuet in G,JS. Bach,17-18,65,both
Minuet in G,JS. Bach,19-20,65,right
Minuet in G,JS. Bach,19-20,65,left
Minuet in G,JS. Bach,19-20,65,both
Minuet in G,JS. Bach,21-22,65,right
Minuet in G,JS. Bach,21-22,65,left
Minuet in G,JS. Bach,21-22,65,both
Minuet in G,JS. Bach,23-24,65,right
Minuet in G,JS. Bach,23-24,65,left
Minuet in G,JS. Bach,23-24,65,both
Minuet in G,JS. Bach,25-26,65,right
Minuet in G,JS. Bach,25-26,65,left
Minuet in G,JS. Bach,25-26,65,both
Minuet in G,JS. Bach,27-28,65,right
Minuet in G,JS. Bach,27-28,65,left
Minuet in G,JS. Bach,27-28,65,both
Minuet in G,JS. Bach,29-30,65,right
Minuet in G,JS. Bach,29-30,65,left
Minuet in G,JS. Bach,29-30,65,both
Minuet in G,JS. Bach,31-32,65,right
Minuet in G,JS. Bach,31-32,65,left
Minuet in G,JS. Bach,31-32,65,both
Minuet in G,JS. Bach,1-4,65,right
Minuet in G,JS. Bach,1-4,65,left
Minuet in G,JS. Bach,1-4,65,both
Minuet in G,JS. Bach,5-8,65,right
Minuet in G,JS. Bach,5-8,65,left
Minuet in G,JS. Bach,5-8,65,both
Minuet in G,JS. Bach,9-12,65,right
Minuet in G,JS. Bach,9-12,65,left
Minuet in G,JS. Bach,9-12,65,both
Minuet in G,JS. Bach,13-16,65,right
Minuet in G,JS. Bach,13-16,65,left
Minuet in G,JS. Bach,13-16,65,both
Minuet in G,JS. Bach,17-20,65,right
Minuet in G,JS. Bach,17-20,65,left
Minuet in G,JS. Bach,17-20,65,both
Minuet in G,JS. Bach,21-24,65,right
Minuet in G,JS. Bach,21-24,65,left
Minuet in G,JS. Bach,21-24,65,both
Minuet in G,JS. Bach,25-28,65,right
Minuet in G,JS. Bach,25-28,65,left
Minuet in G,JS. Bach,25-28,65,both
Minuet in G,JS. Bach,29-32,65,right
Minuet in G,JS. Bach,29-32,65,left
Minuet in G,JS. Bach,29-32,65,both
Minuet in G,JS. Bach,1-8,65,right
Minuet in G,JS. Bach,1-8,65,left
Minuet in G,JS. Bach,1-8,65,both
Minuet in G,JS. Bach,9-16,65,right
Minuet in G,JS. Bach,9-16,65,left
Minuet in G,JS. Bach,9-16,65,both
Minuet in G,JS. Bach,17-24,65,right
Minuet in G,JS. Bach,17-24,65,left
Minuet in G,JS. Bach,17-24,65,both
Minuet in G,JS. Bach,25-32,65,right
Minuet in G,JS. Bach,25-32,65,left
Minuet in G,JS. Bach,25-32,65,both
Minuet in G,JS. Bach,1,70,right
Minuet in G,JS. Bach,1,70,left
Minuet in G,JS. Bach,1,70,both
Minuet in G,JS. Bach,2,70,right
Minuet in G,JS. Bach,2,70,left
Minuet in G,JS. Bach,2,70,both
Minuet in G,JS. Bach,3,70,right
Minuet in G,JS. Bach,3,70,left
Minuet in G,JS. Bach,3,70,both
Minuet in G,JS. Bach,4,70,right
Minuet in G,JS. Bach,4,70,left
Minuet in G,JS. Bach,4,70,both
Minuet in G,JS. Bach,5,70,right
Minuet in G,JS. Bach,5,70,left
Minuet in G,JS. Bach,5,70,both
Minuet in G,JS. Bach,6,70,right
Minuet in G,JS. Bach,6,70,left
Minuet in G,JS. Bach,6,70,both
Minuet in G,JS. Bach,7,70,right
Minuet in G,JS. Bach,7,70,left
Minuet in G,JS. Bach,7,70,both
Minuet in G,JS. Bach,8,70,right
Minuet in G,JS. Bach,8,70,left
Minuet in G,JS. Bach,8,70,both
Minuet in G,JS. Bach,9,70,right
Minuet in G,JS. Bach,9,70,left
Minuet in G,JS. Bach,9,70,both
Minuet in G,JS. Bach,10,70,right
Minuet in G,JS. Bach,10,70,left
Minuet in G,JS. Bach,10,70,both
Minuet in G,JS. Bach,11,70,right
Minuet in G,JS. Bach,11,70,left
Minuet in G,JS. Bach,11,70,both
Minuet in G,JS. Bach,12,70,right
Minuet in G,JS. Bach,12,70,left
Minuet in G,JS. Bach,12,70,both
Minuet in G,JS. Bach,13,70,right
Minuet in G,JS. Bach,13,70,left
Minuet in G,JS. Bach,13,70,both
Minuet in G,JS. Bach,14,70,right
Minuet in G,JS. Bach,14,70,left
Minuet in G,JS. Bach,14,70,both
Minuet in G,JS. Bach,15,70,right
Minuet in G,JS. Bach,15,70,left
Minuet in G,JS. Bach,15,70,both
Minuet in G,JS. Bach,16,70,right
Minuet in G,JS. Bach,16,70,left
Minuet in G,JS. Bach,16,70,both
Minuet in G,JS. Bach,17,70,right
Minuet in G,JS. Bach,17,70,left
Minuet in G,JS. Bach,17,70,both
Minuet in G,JS. Bach,18,70,right
Minuet in G,JS. Bach,18,70,left
Minuet in G,JS. Bach,18,70,both
Minuet in G,JS. Bach,19,70,right
Minuet in G,JS. Bach,19,70,left
Minuet in G,JS. Bach,19,70,both
Minuet in G,JS. Bach,20,70,right
Minuet in G,JS. Bach,20,70,left
Minuet in G,JS. Bach,20,70,both
Minuet in G,JS. Bach,21,70,right
Minuet in G,JS. Bach,21,70,left
Minuet in G,JS. Bach,21,70,both
Minuet in G,JS. Bach,22,70,right
Minuet in G,JS. Bach,22,70,left
Minuet in G,JS. Bach,22,70,both
Minuet in G,JS. Bach,23,70,right
Minuet in G,JS. Bach,23,70,left
Minuet in G,JS. Bach,23,70,both
Minuet in G,JS. Bach,24,70,right
Minuet in G,JS. Bach,24,70,left
Minuet in G,JS. Bach,24,70,both
Minuet in G,JS. Bach,25,70,right
Minuet in G,JS. Bach,25,70,left
Minuet in G,JS. Bach,25,70,both
Minuet in G,JS. Bach,26,70,right
Minuet in G,JS. Bach,26,70,left
Minuet in G,JS. Bach,26,70,both
Minuet in G,JS. Bach,27,70,right
Minuet in G,JS. Bach,27,70,left
Minuet in G,JS. Bach,27,70,both
Minuet in G,JS. Bach,28,70,right
Minuet in G,JS. Bach,28,70,left
Minuet in G,JS. Bach,28,70,both
Minuet in G,JS. Bach,29,70,right
Minuet in G,JS. Bach,29,70,left
Minuet in G,JS. Bach,29,70,both
Minuet in G,JS. Bach,30,70,right
Minuet in G,JS. Bach,30,70,left
Minuet in G,JS. Bach,30,70,both
Minuet in G,JS. Bach,31,70,right
Minuet in G,JS. Bach,31,70,left
Minuet in G,JS. Bach,31,70,both
Minuet in G,JS. Bach,32,70,right
Minuet in G,JS. Bach,32,70,left
Minuet in G,JS. Bach,32,70,both
Minuet in G,JS. Bach,1-2,70,right
Minuet in G,JS. Bach,1-2,70,left
Minuet in G,JS. Bach,1-2,70,both
Minuet in G,JS. Bach,3-4,70,right
Minuet in G,JS. Bach,3-4,70,left
Minuet in G,JS. Bach,3-4,70,both
Minuet in G,JS. Bach,5-6,70,right
Minuet in G,JS. Bach,5-6,70,left
Minuet in G,JS. Bach,5-6,70,both
Minuet in G,JS. Bach,7-8,70,right
Minuet in G,JS. Bach,7-8,70,left
Minuet in G,JS. Bach,7-8,70,both
Minuet in G,JS. Bach,9-10,70,right
Minuet in G,JS. Bach,9-10,70,left
Minuet in G,JS. Bach,9-10,70,both
Minuet in G,JS. Bach,11-12,70,right
Minuet in G,JS. Bach,11-12,70,left
Minuet in G,JS. Bach,11-12,70,both
Minuet in G,JS. Bach,13-14,70,right
Minuet in G,JS. Bach,13-14,70,left
Minuet in G,JS. Bach,13-14,70,both
Minuet in G,JS. Bach,15-16,70,right
Minuet in G,JS. Bach,15-16,70,left
Minuet in G,JS. Bach,15-16,70,both
Minuet in G,JS. Bach,17-18,70,right
Minuet in G,JS. Bach,17-18,70,left
Minuet in G,JS. Bach,17-18,70,both
Minuet in G,JS. Bach,19-20,70,right
Minuet in G,JS. Bach,19-20,70,left
Minuet in G,JS. Bach,19-20,70,both
Minuet in G,JS. Bach,21-22,70,right
Minuet in G,JS. Bach,21-22,70,left
Minuet in G,JS. Bach,21-22,70,both
Minuet in G,JS. Bach,23-24,70,right
Minuet in G,JS. Bach,23-24,70,left
Minuet in G,JS. Bach,23-24,70,both
Minuet in G,JS. Bach,25-26,70,right
Minuet in G,JS. Bach,25-26,70,left
Minuet in G,JS. Bach,25-26,70,both
Minuet in G,JS. Bach,27-28,70,right
Minuet in G,JS. Bach,27-28,70,left
Minuet in G,JS. Bach,27-28,70,both
Minuet in G,JS. Bach,29-30,70,right
Minuet in G,JS. Bach,29-30,70,left
Minuet in G,JS. Bach,29-30,70,both
Minuet in G,JS. Bach,31-32,70,right
Minuet in G,JS. Bach,31-32,70,left
Minuet in G,JS. Bach,31-32,70,both
Minuet in G,JS. Bach,1-4,70,right
Minuet in G,JS. Bach,1-4,70,left
Minuet in G,JS. Bach,1-4,70,both
Minuet in G,JS. Bach,5-8,70,right
Minuet in G,JS. Bach,5-8,70,left
Minuet in G,JS. Bach,5-8,70,both
Minuet in G,JS. Bach,9-12,70,right
Minuet in G,JS. Bach,9-12,70,left
Minuet in G,JS. Bach,9-12,70,both
Minuet in G,JS. Bach,13-16,70,right
Minuet in G,JS. Bach,13-16,70,left
Minuet in G,JS. Bach,13-16,70,both
Minuet in G,JS. Bach,17-20,70,right
Minuet in G,JS. Bach,17-20,70,left
Minuet in G,JS. Bach,17-20,70,both
Minuet in G,JS. Bach,21-24,70,right
Minuet in G,JS. Bach,21-24,70,left
Minuet in G,JS. Bach,21-24,70,both
Minuet in G,JS. Bach,25-28,70,right
Minuet in G,JS. Bach,25-28,70,left
Minuet in G,JS. Bach,25-28,70,both
Minuet in G,JS. Bach,29-32,70,right
Minuet in G,JS. Bach,29-32,70,left
Minuet in G,JS. Bach,29-32,70,both
Minuet in G,JS. Bach,1-8,70,right
Minuet in G,JS. Bach,1-8,70,left
Minuet in G,JS. Bach,1-8,70,both
Minuet in G,JS. Bach,9-16,70,right
Minuet in G,JS. Bach,9-16,70,left
Minuet in G,JS. Bach,9-16,70,both
Minuet in G,JS. Bach,17-24,70,right
Minuet in G,JS. Bach,17-24,70,left
Minuet in G,JS. Bach,17-24,70,both
Minuet in G,JS. Bach,25-32,70,right
Minuet in G,JS. Bach,25-32,70,left
Minuet in G,JS. Bach,25-32,70,both
Minuet in G,JS. Bach,1,75,right
Minuet in G,JS. Bach,1,75,left
Minuet in G,JS. Bach,1,75,both
Minuet in G,JS. Bach,2,75,right
Minuet in G,JS. Bach,2,75,left
Minuet in G,JS. Bach,2,75,both
Minuet in G,JS. Bach,3,75,right
Minuet in G,JS. Bach,3,75,left
Minuet in G,JS. Bach,3,75,both
Minuet in G,JS. Bach,4,75,right
Minuet in G,JS. Bach,4,75,left
Minuet in G,JS. Bach,4,75,both
Minuet in G,JS. Bach,5,75,right
Minuet in G,JS. Bach,5,75,left
Minuet in G,JS. Bach,5,75,both
Minuet in G,JS. Bach,6,75,right
Minuet in G,JS. Bach,6,75,left
Minuet in G,JS. Bach,6,75,both
Minuet in G,JS. Bach,7,75,right
Minuet in G,JS. Bach,7,75,left
Minuet in G,JS. Bach,7,75,both
Minuet in G,JS. Bach,8,75,right
Minuet in G,JS. Bach,8,75,left
Minuet in G,JS. Bach,8,75,both
Minuet in G,JS. Bach,9,75,right
Minuet in G,JS. Bach,9,75,left
Minuet in G,JS. Bach,9,75,both
Minuet in G,JS. Bach,10,75,right
Minuet in G,JS. Bach,10,75,left
Minuet in G,JS. Bach,10,75,both
Minuet in G,JS. Bach,11,75,right
Minuet in G,JS. Bach,11,75,left
Minuet in G,JS. Bach,11,75,both
Minuet in G,JS. Bach,12,75,right
Minuet in G,JS. Bach,12,75,left
Minuet in G,JS. Bach,12,75,both
Minuet in G,JS. Bach,13,75,right
Minuet in G,JS. Bach,13,75,left
Minuet in G,JS. Bach,13,75,both
Minuet in G,JS. Bach,14,75,right
Minuet in G,JS. Bach,14,75,left
Minuet in G,JS. Bach,14,75,both
Minuet in G,JS. Bach,15,75,right
Minuet in G,JS. Bach,15,75,left
Minuet in G,JS. Bach,15,75,both
Minuet in G,JS. Bach,16,75,right
Minuet in G,JS. Bach,16,75,left
Minuet in G,JS. Bach,16,75,both
Minuet in G,JS. Bach,17,75,right
Minuet in G,JS. Bach,17,75,left
Minuet in G,JS. Bach,17,75,both
Minuet in G,JS. Bach,18,75,right
Minuet in G,JS. Bach,18,75,left
Minuet in G,JS. Bach,18,75,both
Minuet in G,JS. Bach,19,75,right
Minuet in G,JS. Bach,19,75,left
Minuet in G,JS. Bach,19,75,both
Minuet in G,JS. Bach,20,75,right
Minuet in G,JS. Bach,20,75,left
Minuet in G,JS. Bach,20,75,both
Minuet in G,JS. Bach,21,75,right
Minuet in G,JS. Bach,21,75,left
Minuet in G,JS. Bach,21,75,both
Minuet in G,JS. Bach,22,75,right
Minuet in G,JS. Bach,22,75,left
Minuet in G,JS. Bach,22,75,both
Minuet in G,JS. Bach,23,75,right
Minuet in G,JS. Bach,23,75,left
Minuet in G,JS. Bach,23,75,both
Minuet in G,JS. Bach,24,75,right
Minuet in G,JS. Bach,24,75,left
Minuet in G,JS. Bach,24,75,both
Minuet in G,JS. Bach,25,75,right
Minuet in G,JS. Bach,25,75,left
Minuet in G,JS. Bach,25,75,both
Minuet in G,JS. Bach,26,75,right
Minuet in G,JS. Bach,26,75,left
Minuet in G,JS. Bach,26,75,both
Minuet in G,JS. Bach,27,75,right
Minuet in G,JS. Bach,27,75,left
Minuet in G,JS. Bach,27,75,both
Minuet in G,JS. Bach,28,75,right
Minuet in G,JS. Bach,28,75,left
Minuet in G,JS. Bach,28,75,both
Minuet in G,JS. Bach,29,75,right
Minuet in G,JS. Bach,29,75,left
Minuet in G,JS. Bach,29,75,both
Minuet in G,JS. Bach,30,75,right
Minuet in G,JS. Bach,30,75,left
Minuet in G,JS. Bach,30,75,both
Minuet in G,JS. Bach,31,75,right
Minuet in G,JS. Bach,31,75,left
Minuet in G,JS. Bach,31,75,both
Minuet in G,JS. Bach,32,75,right
Minuet in G,JS. Bach,32,75,left
Minuet in G,JS. Bach,32,75,both
Minuet in G,JS. Bach,1-2,75,right
Minuet in G,JS. Bach,1-2,75,left
Minuet in G,JS. Bach,1-2,75,both
Minuet in G,JS. Bach,3-4,75,right
Minuet in G,JS. Bach,3-4,75,left
Minuet in G,JS. Bach,3-4,75,both
Minuet in G,JS. Bach,5-6,75,right
Minuet in G,JS. Bach,5-6,75,left
Minuet in G,JS. Bach,5-6,75,both
Minuet in G,JS. Bach,7-8,75,right
Minuet in G,JS. Bach,7-8,75,left
Minuet in G,JS. Bach,7-8,75,both
Minuet in G,JS. Bach,9-10,75,right
Minuet in G,JS. Bach,9-10,75,left
Minuet in G,JS. Bach,9-10,75,both
Minuet in G,JS. Bach,11-12,75,right
Minuet in G,JS. Bach,11-12,75,left
Minuet in G,JS. Bach,11-12,75,both
Minuet in G,JS. Bach,13-14,75,right
Minuet in G,JS. Bach,13-14,75,left
Minuet in G,JS. Bach,13-14,75,both
Minuet in G,JS. Bach,15-16,75,right
Minuet in G,JS. Bach,15-16,75,left
Minuet in G,JS. Bach,15-16,75,both
Minuet in G,JS. Bach,17-18,75,right
Minuet in G,JS. Bach,17-18,75,left
Minuet in G,JS. Bach,17-18,75,both
Minuet in G,JS. Bach,19-20,75,right
Minuet in G,JS. Bach,19-20,75,left
Minuet in G,JS. Bach,19-20,75,both
Minuet in G,JS. Bach,21-22,75,right
Minuet in G,JS. Bach,21-22,75,left
Minuet in G,JS. Bach,21-22,75,both
Minuet in G,JS. Bach,23-24,75,right
Minuet in G,JS. Bach,23-24,75,left
Minuet in G,JS. Bach,23-24,75,both
Minuet in G,JS. Bach,25-26,75,right
Minuet in G,JS. Bach,25-26,75,left
Minuet in G,JS. Bach,25-26,75,both
Minuet in G,JS. Bach,27-28,75,right
Minuet in G,JS. Bach,27-28,75,left
Minuet in G,JS. Bach,27-28,75,both
Minuet in G,JS. Bach,29-30,75,right
Minuet in G,JS. Bach,29-30,75,left
Minuet in G,JS. Bach,29-30,75,both
Minuet in G,JS. Bach,31-32,75,right
Minuet in G,JS. Bach,31-32,75,left
Minuet in G,JS. Bach,31-32,75,both
Minuet in G,JS. Bach,1-4,75,right
Minuet in G,JS. Bach,1-4,75,left
Minuet in G,JS. Bach,1-4,75,both
Minuet in G,JS. Bach,5-8,75,right
Minuet in G,JS. Bach,5-8,75,left
Minuet in G,JS. Bach,5-8,75,both
Minuet in G,JS. Bach,9-12,75,right
Minuet in G,JS. Bach,9-12,75,left
Minuet in G,JS. Bach,9-12,75,both
Minuet in G,JS. Bach,13-16,75,right
Minuet in G,JS. Bach,13-16,75,left
Minuet in G,JS. Bach,13-16,75,both
Minuet in G,JS. Bach,17-20,75,right
Minuet in G,JS. Bach,17-20,75,left
Minuet in G,JS. Bach,17-20,75,both
Minuet in G,JS. Bach,21-24,75,right
Minuet in G,JS. Bach,21-24,75,left
Minuet in G,JS. Bach,21-24,75,both
Minuet in G,JS. Bach,25-28,75,right
Minuet in G,JS. Bach,25-28,75,left
Minuet in G,JS. Bach,25-28,75,both
Minuet in G,JS. Bach,29-32,75,right
Minuet in G,JS. Bach,29-32,75,left
Minuet in G,JS. Bach,29-32,75,both
Minuet in G,JS. Bach,1-8,75,right
Minuet in G,JS. Bach,1-8,75,left
Minuet in G,JS. Bach,1-8,75,both
Minuet in G,JS. Bach,9-16,75,right
Minuet in G,JS. Bach,9-16,75,left
Minuet in G,JS. Bach,9-16,75,both
Minuet in G,JS. Bach,17-24,75,right
Minuet in G,JS. Bach,17-24,75,left
Minuet in G,JS. Bach,17-24,75,both
Minuet in G,JS. Bach,25-32,75,right
Minuet in G,JS. Bach,25-32,75,left
Minuet in G,JS. Bach,25-32,75,both
Minuet in G,JS. Bach,1,80,right
Minuet in G,JS. Bach,1,80,left
Minuet in G,JS. Bach,1,80,both
Minuet in G,JS. Bach,2,80,right
Minuet in G,JS. Bach,2,80,left
Minuet in G,JS. Bach,2,80,both
Minuet in G,JS. Bach,3,80,right
Minuet in G,JS. Bach,3,80,left
Minuet in G,JS. Bach,3,80,both
Minuet in G,JS. Bach,4,80,right
Minuet in G,JS. Bach,4,80,left
Minuet in G,JS. Bach,4,80,both
Minuet in G,JS. Bach,5,80,right
Minuet in G,JS. Bach,5,80,left
Minuet in G,JS. Bach,5,80,both
Minuet in G,JS. Bach,6,80,right
Minuet in G,JS. Bach,6,80,left
Minuet in G,JS. Bach,6,80,both
Minuet in G,JS. Bach,7,80,right
Minuet in G,JS. Bach,7,80,left
Minuet in G,JS. Bach,7,80,both
Minuet in G,JS. Bach,8,80,right
Minuet in G,JS. Bach,8,80,left
Minuet in G,JS. Bach,8,80,both
Minuet in G,JS. Bach,9,80,right
Minuet in G,JS. Bach,9,80,left
Minuet in G,JS. Bach,9,80,both
Minuet in G,JS. Bach,10,80,right
Minuet in G,JS. Bach,10,80,left
Minuet in G,JS. Bach,10,80,both
Minuet in G,JS. Bach,11,80,right
Minuet in G,JS. Bach,11,80,left
Minuet in G,JS. Bach,11,80,both
Minuet in G,JS. Bach,12,80,right
Minuet in G,JS. Bach,12,80,left
Minuet in G,JS. Bach,12,80,both
Minuet in G,JS. Bach,13,80,right
Minuet in G,JS. Bach,13,80,left
Minuet in G,JS. Bach,13,80,both
Minuet in G,JS. Bach,14,80,right
Minuet in G,JS. Bach,14,80,left
Minuet in G,JS. Bach,14,80,both
Minuet in G,JS. Bach,15,80,right
Minuet in G,JS. Bach,15,80,left
Minuet in G,JS. Bach,15,80,both
Minuet in G,JS. Bach,16,80,right
Minuet in G,JS. Bach,16,80,left
Minuet in G,JS. Bach,16,80,both
Minuet in G,JS. Bach,17,80,right
Minuet in G,JS. Bach,17,80,left
Minuet in G,JS. Bach,17,80,both
Minuet in G,JS. Bach,18,80,right
Minuet in G,JS. Bach,18,80,left
Minuet in G,JS. Bach,18,80,both
Minuet in G,JS. Bach,19,80,right
Minuet in G,JS. Bach,19,80,left
Minuet in G,JS. Bach,19,80,both
Minuet in G,JS. Bach,20,80,right
Minuet in G,JS. Bach,20,80,left
Minuet in G,JS. Bach,20,80,both
Minuet in G,JS. Bach,21,80,right
Minuet in G,JS. Bach,21,80,left
Minuet in G,JS. Bach,21,80,both
Minuet in G,JS. Bach,22,80,right
Minuet in G,JS. Bach,22,80,left
Minuet in G,JS. Bach,22,80,both
Minuet in G,JS. Bach,23,80,right
Minuet in G,JS. Bach,23,80,left
Minuet in G,JS. Bach,23,80,both
Minuet in G,JS. Bach,24,80,right
Minuet in G,JS. Bach,24,80,left
Minuet in G,JS. Bach,24,80,both
Minuet in G,JS. Bach,25,80,right
Minuet in G,JS. Bach,25,80,left
Minuet in G,JS. Bach,25,80,both
Minuet in G,JS. Bach,26,80,right
Minuet in G,JS. Bach,26,80,left
Minuet in G,JS. Bach,26,80,both
Minuet in G,JS. Bach,27,80,right
Minuet in G,JS. Bach,27,80,left
Minuet in G,JS. Bach,27,80,both
Minuet in G,JS. Bach,28,80,right
Minuet in G,JS. Bach,28,80,left
Minuet in G,JS. Bach,28,80,both
Minuet in G,JS. Bach,29,80,right
Minuet in G,JS. Bach,29,80,left
Minuet in G,JS. Bach,29,80,both
Minuet in G,JS. Bach,30,80,right
Minuet in G,JS. Bach,30,80,left
Minuet in G,JS. Bach,30,80,both
Minuet in G,JS. Bach,31,80,right
Minuet in G,JS. Bach,31,80,left
Minuet in G,JS. Bach,31,80,both
Minuet in G,JS. Bach,32,80,right
Minuet in G,JS. Bach,32,80,left
Minuet in G,JS. Bach,32,80,both
Minuet in G,JS. Bach,1-2,80,right
Minuet in G,JS. Bach,1-2,80,left
Minuet in G,JS. Bach,1-2,80,both
Minuet in G,JS. Bach,3-4,80,right
Minuet in G,JS. Bach,3-4,80,left
Minuet in G,JS. Bach,3-4,80,both
Minuet in G,JS. Bach,5-6,80,right
Minuet in G,JS. Bach,5-6,80,left
Minuet in G,JS. Bach,5-6,80,both
Minuet in G,JS. Bach,7-8,80,right
Minuet in G,JS. Bach,7-8,80,left
Minuet in G,JS. Bach,7-8,80,both
Minuet in G,JS. Bach,9-10,80,right
Minuet in G,JS. Bach,9-10,80,left
Minuet in G,JS. Bach,9-10,80,both
Minuet in G,JS. Bach,11-12,80,right
Minuet in G,JS. Bach,11-12,80,left
Minuet in G,JS. Bach,11-12,80,both
Minuet in G,JS. Bach,13-14,80,right
Minuet in G,JS. Bach,13-14,80,left
Minuet in G,JS. Bach,13-14,80,both
Minuet in G,JS. Bach,15-16,80,right
Minuet in G,JS. Bach,15-16,80,left
Minuet in G,JS. Bach,15-16,80,both
Minuet in G,JS. Bach,17-18,80,right
Minuet in G,JS. Bach,17-18,80,left
Minuet in G,JS. Bach,17-18,80,both
Minuet in G,JS. Bach,19-20,80,right
Minuet in G,JS. Bach,19-20,80,left
Minuet in G,JS. Bach,19-20,80,both
Minuet in G,JS. Bach,21-22,80,right
Minuet in G,JS. Bach,21-22,80,left
Minuet in G,JS. Bach,21-22,80,both
Minuet in G,JS. Bach,23-24,80,right
Minuet in G,JS. Bach,23-24,80,left
Minuet in G,JS. Bach,23-24,80,both
Minuet in G,JS. Bach,25-26,80,right
Minuet in G,JS. Bach,25-26,80,left
Minuet in G,JS. Bach,25-26,80,both
Minuet in G,JS. Bach,27-28,80,right
Minuet in G,JS. Bach,27-28,80,left
Minuet in G,JS. Bach,27-28,80,both
Minuet in G,JS. Bach,29-30,80,right
Minuet in G,JS. Bach,29-30,80,left
Minuet in G,JS. Bach,29-30,80,both
Minuet in G,JS. Bach,31-32,80,right
Minuet in G,JS. Bach,31-32,80,left
Minuet in G,JS. Bach,31-32,80,both
Minuet in G,JS. Bach,1-4,80,right
Minuet in G,JS. Bach,1-4,80,left
Minuet in G,JS. Bach,1-4,80,both
Minuet in G,JS. Bach,5-8,80,right
Minuet in G,JS. Bach,5-8,80,left
Minuet in G,JS. Bach,5-8,80,both
Minuet in G,JS. Bach,9-12,80,right
Minuet in G,JS. Bach,9-12,80,left
Minuet in G,JS. Bach,9-12,80,both
Minuet in G,JS. Bach,13-16,80,right
Minuet in G,JS. Bach,13-16,80,left
Minuet in G,JS. Bach,13-16,80,both
Minuet in G,JS. Bach,17-20,80,right
Minuet in G,JS. Bach,17-20,80,left
Minuet in G,JS. Bach,17-20,80,both
Minuet in G,JS. Bach,21-24,80,right
Minuet in G,JS. Bach,21-24,80,left
Minuet in G,JS. Bach,21-24,80,both
Minuet in G,JS. Bach,25-28,80,right
Minuet in G,JS. Bach,25-28,80,left
Minuet in G,JS. Bach,25-28,80,both
Minuet in G,JS. Bach,29-32,80,right
Minuet in G,JS. Bach,29-32,80,left
Minuet in G,JS. Bach,29-32,80,both
Minuet in G,JS. Bach,1-8,80,right
Minuet in G,JS. Bach,1-8,80,left
Minuet in G,JS. Bach,1-8,80,both
Minuet in G,JS. Bach,9-16,80,right
Minuet in G,JS. Bach,9-16,80,left
Minuet in G,JS. Bach,9-16,80,both
Minuet in G,JS. Bach,17-24,80,right
Minuet in G,JS. Bach,17-24,80,left
Minuet in G,JS. Bach,17-24,80,both
Minuet in G,JS. Bach,25-32,80,right
Minuet in G,JS. Bach,25-32,80,left
Minuet in G,JS. Bach,25-32,80,both
Minuet in G,JS. Bach,1,85,right
Minuet in G,JS. Bach,1,85,left
Minuet in G,JS. Bach,1,85,both
Minuet in G,JS. Bach,2,85,right
Minuet in G,JS. Bach,2,85,left
Minuet in G,JS. Bach,2,85,both
Minuet in G,JS. Bach,3,85,right
Minuet in G,JS. Bach,3,85,left
Minuet in G,JS. Bach,3,85,both
Minuet in G,JS. Bach,4,85,right
Minuet in G,JS. Bach,4,85,left
Minuet in G,JS. Bach,4,85,both
Minuet in G,JS. Bach,5,85,right
Minuet in G,JS. Bach,5,85,left
Minuet in G,JS. Bach,5,85,both
Minuet in G,JS. Bach,6,85,right
Minuet in G,JS. Bach,6,85,left
Minuet in G,JS. Bach,6,85,both
Minuet in G,JS. Bach,7,85,right
Minuet in G,JS. Bach,7,85,left
Minuet in G,JS. Bach,7,85,both
Minuet in G,JS. Bach,8,85,right
Minuet in G,JS. Bach,8,85,left
Minuet in G,JS. Bach,8,85,both
Minuet in G,JS. Bach,9,85,right
Minuet in G,JS. Bach,9,85,left
Minuet in G,JS. Bach,9,85,both
Minuet in G,JS. Bach,10,85,right
Minuet in G,JS. Bach,10,85,left
Minuet in G,JS. Bach,10,85,both
Minuet in G,JS. Bach,11,85,right
Minuet in G,JS. Bach,11,85,left
Minuet in G,JS. Bach,11,85,both
Minuet in G,JS. Bach,12,85,right
Minuet in G,JS. Bach,12,85,left
Minuet in G,JS. Bach,12,85,both
Minuet in G,JS. Bach,13,85,right
Minuet in G,JS. Bach,13,85,left
Minuet in G,JS. Bach,13,85,both
Minuet in G,JS. Bach,14,85,right
Minuet in G,JS. Bach,14,85,left
Minuet in G,JS. Bach,14,85,both
Minuet in G,JS. Bach,15,85,right
Minuet in G,JS. Bach,15,85,left
Minuet in G,JS. Bach,15,85,both
Minuet in G,JS. Bach,16,85,right
Minuet in G,JS. Bach,16,85,left
Minuet in G,JS. Bach,16,85,both
Minuet in G,JS. Bach,17,85,right
Minuet in G,JS. Bach,17,85,left
Minuet in G,JS. Bach,17,85,both
Minuet in G,JS. Bach,18,85,right
Minuet in G,JS. Bach,18,85,left
Minuet in G,JS. Bach,18,85,both
Minuet in G,JS. Bach,19,85,right
Minuet in G,JS. Bach,19,85,left
Minuet in G,JS. Bach,19,85,both
Minuet in G,JS. Bach,20,85,right
Minuet in G,JS. Bach,20,85,left
Minuet in G,JS. Bach,20,85,both
Minuet in G,JS. Bach,21,85,right
Minuet in G,JS. Bach,21,85,left
Minuet in G,JS. Bach,21,85,both
Minuet in G,JS. Bach,22,85,right
Minuet in G,JS. Bach,22,85,left
Minuet in G,JS. Bach,22,85,both
Minuet in G,JS. Bach,23,85,right
Minuet in G,JS. Bach,23,85,left
Minuet in G,JS. Bach,23,85,both
Minuet in G,JS. Bach,24,85,right
Minuet in G,JS. Bach,24,85,left
Minuet in G,JS. Bach,24,85,both
Minuet in G,JS. Bach,25,85,right
Minuet in G,JS. Bach,25,85,left
Minuet in G,JS. Bach,25,85,both
Minuet in G,JS. Bach,26,85,right
Minuet in G,JS. Bach,26,85,left
Minuet in G,JS. Bach,26,85,both
Minuet in G,JS. Bach,27,85,right
Minuet in G,JS. Bach,27,85,left
Minuet in G,JS. Bach,27,85,both
Minuet in G,JS. Bach,28,85,right
Minuet in G,JS. Bach,28,85,left
Minuet in G,JS. Bach,28,85,both
Minuet in G,JS. Bach,29,85,right
Minuet in G,JS. Bach,29,85,left
Minuet in G,JS. Bach,29,85,both
Minuet in G,JS. Bach,30,85,right
Minuet in G,JS. Bach,30,85,left
Minuet in G,JS. Bach,30,85,both
Minuet in G,JS. Bach,31,85,right
Minuet in G,JS. Bach,31,85,left
Minuet in G,JS. Bach,31,85,both
Minuet in G,JS. Bach,32,85,right
Minuet in G,JS. Bach,32,85,left
Minuet in G,JS. Bach,32,85,both
Minuet in G,JS. Bach,1-2,85,right
Minuet in G,JS. Bach,1-2,85,left
Minuet in G,JS. Bach,1-2,85,both
Minuet in G,JS. Bach,3-4,85,right
Minuet in G,JS. Bach,3-4,85,left
Minuet in G,JS. Bach,3-4,85,both
Minuet in G,JS. Bach,5-6,85,right
Minuet in G,JS. Bach,5-6,85,left
Minuet in G,JS. Bach,5-6,85,both
Minuet in G,JS. Bach,7-8,85,right
Minuet in G,JS. Bach,7-8,85,left
Minuet in G,JS. Bach,7-8,85,both
Minuet in G,JS. Bach,9-10,85,right
Minuet in G,JS. Bach,9-10,85,left
Minuet in G,JS. Bach,9-10,85,both
Minuet in G,JS. Bach,11-12,85,right
Minuet in G,JS. Bach,11-12,85,left
Minuet in G,JS. Bach,11-12,85,both
Minuet in G,JS. Bach,13-14,85,right
Minuet in G,JS. Bach,13-14,85,left
Minuet in G,JS. Bach,13-14,85,both
Minuet in G,JS. Bach,15-16,85,right
Minuet in G,JS. Bach,15-16,85,left
Minuet in G,JS. Bach,15-16,85,both
Minuet in G,JS. Bach,17-18,85,right
Minuet in G,JS. Bach,17-18,85,left
Minuet in G,JS. Bach,17-18,85,both
Minuet in G,JS. Bach,19-20,85,right
Minuet in G,JS. Bach,19-20,85,left
Minuet in G,JS. Bach,19-20,85,both
Minuet in G,JS. Bach,21-22,85,right
Minuet in G,JS. Bach,21-22,85,left
Minuet in G,JS. Bach,21-22,85,both
Minuet in G,JS. Bach,23-24,85,right
Minuet in G,JS. Bach,23-24,85,left
Minuet in G,JS. Bach,23-24,85,both
Minuet in G,JS. Bach,25-26,85,right
Minuet in G,JS. Bach,25-26,85,left
Minuet in G,JS. Bach,25-26,85,both
Minuet in G,JS. Bach,27-28,85,right
Minuet in G,JS. Bach,27-28,85,left
Minuet in G,JS. Bach,27-28,85,both
Minuet in G,JS. Bach,29-30,85,right
Minuet in G,JS. Bach,29-30,85,left
Minuet in G,JS. Bach,29-30,85,both
Minuet in G,JS. Bach,31-32,85,right
Minuet in G,JS. Bach,31-32,85,left
Minuet in G,JS. Bach,31-32,85,both
Minuet in G,JS. Bach,1-4,85,right
Minuet in G,JS. Bach,1-4,85,left
Minuet in G,JS. Bach,1-4,85,both
Minuet in G,JS. Bach,5-8,85,right
Minuet in G,JS. Bach,5-8,85,left
Minuet in G,JS. Bach,5-8,85,both
Minuet in G,JS. Bach,9-12,85,right
Minuet in G,JS. Bach,9-12,85,left
Minuet in G,JS. Bach,9-12,85,both
Minuet in G,JS. Bach,13-16,85,right
Minuet in G,JS. Bach,13-16,85,left
Minuet in G,JS. Bach,13-16,85,both
Minuet in G,JS. Bach,17-20,85,right
Minuet in G,JS. Bach,17-20,85,left
Minuet in G,JS. Bach,17-20,85,both
Minuet in G,JS. Bach,21-24,85,right
Minuet in G,JS. Bach,21-24,85,left
Minuet in G,JS. Bach,21-24,85,both
Minuet in G,JS. Bach,25-28,85,right
Minuet in G,JS. Bach,25-28,85,left
Minuet in G,JS. Bach,25-28,85,both
Minuet in G,JS. Bach,29-32,85,right
Minuet in G,JS. Bach,29-32,85,left
Minuet in G,JS. Bach,29-32,85,both
Minuet in G,JS. Bach,1-8,85,right
Minuet in G,JS. Bach,1-8,85,left
Minuet in G,JS. Bach,1-8,85,both
Minuet in G,JS. Bach,9-16,85,right
Minuet in G,JS. Bach,9-16,85,left
Minuet in G,JS. Bach,9-16,85,both
Minuet in G,JS. Bach,17-24,85,right
Minuet in G,JS. Bach,17-24,85,left
Minuet in G,JS. Bach,17-24,85,both
Minuet in G,JS. Bach,25-32,85,right
Minuet in G,JS. Bach,25-32,85,left
Minuet in G,JS. Bach,25-32,85,both
Minuet in G,JS. Bach,1,90,right
Minuet in G,JS. Bach,1,90,left
Minuet in G,JS. Bach,1,90,both
Minuet in G,JS. Bach,2,90,right
Minuet in G,JS. Bach,2,90,left
Minuet in G,JS. Bach,2,90,both
Minuet in G,JS. Bach,3,90,right
Minuet in G,JS. Bach,3,90,left
Minuet in G,JS. Bach,3,90,both
Minuet in G,JS. Bach,4,90,right
Minuet in G,JS. Bach,4,90,left
Minuet in G,JS. Bach,4,90,both
Minuet in G,JS. Bach,5,90,right
Minuet in G,JS. Bach,5,90,left
Minuet in G,JS. Bach,5,90,both
Minuet in G,JS. Bach,6,90,right
Minuet in G,JS. Bach,6,90,left
Minuet in G,JS. Bach,6,90,both
Minuet in G,JS. Bach,7,90,right
Minuet in G,JS. Bach,7,90,left
Minuet in G,JS. Bach,7,90,both
Minuet in G,JS. Bach,8,90,right
Minuet in G,JS. Bach,8,90,left
Minuet in G,JS. Bach,8,90,both
Minuet in G,JS. Bach,9,90,right
Minuet in G,JS. Bach,9,90,left
Minuet in G,JS. Bach,9,90,both
Minuet in G,JS. Bach,10,90,right
Minuet in G,JS. Bach,10,90,left
Minuet in G,JS. Bach,10,90,both
Minuet in G,JS. Bach,11,90,right
Minuet in G,JS. Bach,11,90,left
Minuet in G,JS. Bach,11,90,both
Minuet in G,JS. Bach,12,90,right
Minuet in G,JS. Bach,12,90,left
Minuet in G,JS. Bach,12,90,both
Minuet in G,JS. Bach,13,90,right
Minuet in G,JS. Bach,13,90,left
Minuet in G,JS. Bach,13,90,both
Minuet in G,JS. Bach,14,90,right
Minuet in G,JS. Bach,14,90,left
Minuet in G,JS. Bach,14,90,both
Minuet in G,JS. Bach,15,90,right
Minuet in G,JS. Bach,15,90,left
Minuet in G,JS. Bach,15,90,both
Minuet in G,JS. Bach,16,90,right
Minuet in G,JS. Bach,16,90,left
Minuet in G,JS. Bach,16,90,both
Minuet in G,JS. Bach,17,90,right
Minuet in G,JS. Bach,17,90,left
Minuet in G,JS. Bach,17,90,both
Minuet in G,JS. Bach,18,90,right
Minuet in G,JS. Bach,18,90,left
Minuet in G,JS. Bach,18,90,both
Minuet in G,JS. Bach,19,90,right
Minuet in G,JS. Bach,19,90,left
Minuet in G,JS. Bach,19,90,both
Minuet in G,JS. Bach,20,90,right
Minuet in G,JS. Bach,20,90,left
Minuet in G,JS. Bach,20,90,both
Minuet in G,JS. Bach,21,90,right
Minuet in G,JS. Bach,21,90,left
Minuet in G,JS. Bach,21,90,both
Minuet in G,JS. Bach,22,90,right
Minuet in G,JS. Bach,22,90,left
Minuet in G,JS. Bach,22,90,both
Minuet in G,JS. Bach,23,90,right
Minuet in G,JS. Bach,23,90,left
Minuet in G,JS. Bach,23,90,both
Minuet in G,JS. Bach,24,90,right
Minuet in G,JS. Bach,24,90,left
Minuet in G,JS. Bach,24,90,both
Minuet in G,JS. Bach,25,90,right
Minuet in G,JS. Bach,25,90,left
Minuet in G,JS. Bach,25,90,both
Minuet in G,JS. Bach,26,90,right
Minuet in G,JS. Bach,26,90,left
Minuet in G,JS. Bach,26,90,both
Minuet in G,JS. Bach,27,90,right
Minuet in G,JS. Bach,27,90,left
Minuet in G,JS. Bach,27,90,both
Minuet in G,JS. Bach,28,90,right
Minuet in G,JS. Bach,28,90,left
Minuet in G,JS. Bach,28,90,both
Minuet in G,JS. Bach,29,90,right
Minuet in G,JS. Bach,29,90,left
Minuet in G,JS. Bach,29,90,both
Minuet in G,JS. Bach,30,90,right
Minuet in G,JS. Bach,30,90,left
Minuet in G,JS. Bach,30,90,both
Minuet in G,JS. Bach,31,90,right
Minuet in G,JS. Bach,31,90,left
Minuet in G,JS. Bach,31,90,both
Minuet in G,JS. Bach,32,90,right
Minuet in G,JS. Bach,32,90,left
Minuet in G,JS. Bach,32,90,both
Minuet in G,JS. Bach,1-2,90,right
Minuet in G,JS. Bach,1-2,90,left
Minuet in G,JS. Bach,1-2,90,both
Minuet in G,JS. Bach,3-4,90,right
Minuet in G,JS. Bach,3-4,90,left
Minuet in G,JS. Bach,3-4,90,both
Minuet in G,JS. Bach,5-6,90,right
Minuet in G,JS. Bach,5-6,90,left
Minuet in G,JS. Bach,5-6,90,both
Minuet in G,JS. Bach,7-8,90,right
Minuet in G,JS. Bach,7-8,90,left
Minuet in G,JS. Bach,7-8,90,both
Minuet in G,JS. Bach,9-10,90,right
Minuet in G,JS. Bach,9-10,90,left
Minuet in G,JS. Bach,9-10,90,both
Minuet in G,JS. Bach,11-12,90,right
Minuet in G,JS. Bach,11-12,90,left
Minuet in G,JS. Bach,11-12,90,both
Minuet in G,JS. Bach,13-14,90,right
Minuet in G,JS. Bach,13-14,90,left
Minuet in G,JS. Bach,13-14,90,both
Minuet in G,JS. Bach,15-16,90,right
Minuet in G,JS. Bach,15-16,90,left
Minuet in G,JS. Bach,15-16,90,both
Minuet in G,JS. Bach,17-18,90,right
Minuet in G,JS. Bach,17-18,90,left
Minuet in G,JS. Bach,17-18,90,both
Minuet in G,JS. Bach,19-20,90,right
Minuet in G,JS. Bach,19-20,90,left
Minuet in G,JS. Bach,19-20,90,both
Minuet in G,JS. Bach,21-22,90,right
Minuet in G,JS. Bach,21-22,90,left
Minuet in G,JS. Bach,21-22,90,both
Minuet in G,JS. Bach,23-24,90,right
Minuet in G,JS. Bach,23-24,90,left
Minuet in G,JS. Bach,23-24,90,both
Minuet in G,JS. Bach,25-26,90,right
Minuet in G,JS. Bach,25-26,90,left
Minuet in G,JS. Bach,25-26,90,both
Minuet in G,JS. Bach,27-28,90,right
Minuet in G,JS. Bach,27-28,90,left
Minuet in G,JS. Bach,27-28,90,both
Minuet in G,JS. Bach,29-30,90,right
Minuet in G,JS. Bach,29-30,90,left
Minuet in G,JS. Bach,29-30,90,both
Minuet in G,JS. Bach,31-32,90,right
Minuet in G,JS. Bach,31-32,90,left
Minuet in G,JS. Bach,31-32,90,both
Minuet in G,JS. Bach,1-4,90,right
Minuet in G,JS. Bach,1-4,90,left
Minuet in G,JS. Bach,1-4,90,both
Minuet in G,JS. Bach,5-8,90,right
Minuet in G,JS. Bach,5-8,90,left
Minuet in G,JS. Bach,5-8,90,both
Minuet in G,JS. Bach,9-12,90,right
Minuet in G,JS. Bach,9-12,90,left
Minuet in G,JS. Bach,9-12,90,both
Minuet in G,JS. Bach,13-16,90,right
Minuet in G,JS. Bach,13-16,90,left
Minuet in G,JS. Bach,13-16,90,both
Minuet in G,JS. Bach,17-20,90,right
Minuet in G,JS. Bach,17-20,90,left
Minuet in G,JS. Bach,17-20,90,both
Minuet in G,JS. Bach,21-24,90,right
Minuet in G,JS. Bach,21-24,90,left
Minuet in G,JS. Bach,21-24,90,both
Minuet in G,JS. Bach,25-28,90,right
Minuet in G,JS. Bach,25-28,90,left
Minuet in G,JS. Bach,25-28,90,both
Minuet in G,JS. Bach,29-32,90,right
Minuet in G,JS. Bach,29-32,90,left
Minuet in G,JS. Bach,29-32,90,both
Minuet in G,JS. Bach,1-8,90,right
Minuet in G,JS. Bach,1-8,90,left
Minuet in G,JS. Bach,1-8,90,both
Minuet in G,JS. Bach,9-16,90,right
Minuet in G,JS. Bach,9-16,90,left
Minuet in G,JS. Bach,9-16,90,both
Minuet in G,JS. Bach,17-24,90,right
Minuet in G,JS. Bach,17-24,90,left
Minuet in G,JS. Bach,17-24,90,both
Minuet in G,JS. Bach,25-32,90,right
Minuet in G,JS. Bach,25-32,90,left
Minuet in G,JS. Bach,25-32,90,both
Minuet in G,JS. Bach,1,95,right
Minuet in G,JS. Bach,1,95,left
Minuet in G,JS. Bach,1,95,both
Minuet in G,JS. Bach,2,95,right
Minuet in G,JS. Bach,2,95,left
Minuet in G,JS. Bach,2,95,both
Minuet in G,JS. Bach,3,95,right
Minuet in G,JS. Bach,3,95,left
Minuet in G,JS. Bach,3,95,both
Minuet in G,JS. Bach,4,95,right
Minuet in G,JS. Bach,4,95,left
Minuet in G,JS. Bach,4,95,both
Minuet in G,JS. Bach,5,95,right
Minuet in G,JS. Bach,5,95,left
Minuet in G,JS. Bach,5,95,both
Minuet in G,JS. Bach,6,95,right
Minuet in G,JS. Bach,6,95,left
Minuet in G,JS. Bach,6,95,both
Minuet in G,JS. Bach,7,95,right
Minuet in G,JS. Bach,7,95,left
Minuet in G,JS. Bach,7,95,both
Minuet in G,JS. Bach,8,95,right
Minuet in G,JS. Bach,8,95,left
Minuet in G,JS. Bach,8,95,both
Minuet in G,JS. Bach,9,95,right
Minuet in G,JS. Bach,9,95,left
Minuet in G,JS. Bach,9,95,both
Minuet in G,JS. Bach,10,95,right
Minuet in G,JS. Bach,10,95,left
Minuet in G,JS. Bach,10,95,both
Minuet in G,JS. Bach,11,95,right
Minuet in G,JS. Bach,11,95,left
Minuet in G,JS. Bach,11,95,both
Minuet in G,JS. Bach,12,95,right
Minuet in G,JS. Bach,12,95,left
Minuet in G,JS. Bach,12,95,both
Minuet in G,JS. Bach,13,95,right
Minuet in G,JS. Bach,13,95,left
Minuet in G,JS. Bach,13,95,both
Minuet in G,JS. Bach,14,95,right
Minuet in G,JS. Bach,14,95,left
Minuet in G,JS. Bach,14,95,both
Minuet in G,JS. Bach,15,95,right
Minuet in G,JS. Bach,15,95,left
Minuet in G,JS. Bach,15,95,both
Minuet in G,JS. Bach,16,95,right
Minuet in G,JS. Bach,16,95,left
Minuet in G,JS. Bach,16,95,both
Minuet in G,JS. Bach,17,95,right
Minuet in G,JS. Bach,17,95,left
Minuet in G,JS. Bach,17,95,both
Minuet in G,JS. Bach,18,95,right
Minuet in G,JS. Bach,18,95,left
Minuet in G,JS. Bach,18,95,both
Minuet in G,JS. Bach,19,95,right
Minuet in G,JS. Bach,19,95,left
Minuet in G,JS. Bach,19,95,both
Minuet in G,JS. Bach,20,95,right
Minuet in G,JS. Bach,20,95,left
Minuet in G,JS. Bach,20,95,both
Minuet in G,JS. Bach,21,95,right
Minuet in G,JS. Bach,21,95,left
Minuet in G,JS. Bach,21,95,both
Minuet in G,JS. Bach,22,95,right
Minuet in G,JS. Bach,22,95,left
Minuet in G,JS. Bach,22,95,both
Minuet in G,JS. Bach,23,95,right
Minuet in G,JS. Bach,23,95,left
Minuet in G,JS. Bach,23,95,both
Minuet in G,JS. Bach,24,95,right
Minuet in G,JS. Bach,24,95,left
Minuet in G,JS. Bach,24,95,both
Minuet in G,JS. Bach,25,95,right
Minuet in G,JS. Bach,25,95,left
Minuet in G,JS. Bach,25,95,both
Minuet in G,JS. Bach,26,95,right
Minuet in G,JS. Bach,26,95,left
Minuet in G,JS. Bach,26,95,both
Minuet in G,JS. Bach,27,95,right
Minuet in G,JS. Bach,27,95,left
Minuet in G,JS. Bach,27,95,both
Minuet in G,JS. Bach,28,95,right
Minuet in G,JS. Bach,28,95,left
Minuet in G,JS. Bach,28,95,both
Minuet in G,JS. Bach,29,95,right
Minuet in G,JS. Bach,29,95,left
Minuet in G,JS. Bach,29,95,both
Minuet in G,JS. Bach,30,95,right
Minuet in G,JS. Bach,30,95,left
Minuet in G,JS. Bach,30,95,both
Minuet in G,JS. Bach,31,95,right
Minuet in G,JS. Bach,31,95,left
Minuet in G,JS. Bach,31,95,both
Minuet in G,JS. Bach,32,95,right
Minuet in G,JS. Bach,32,95,left
Minuet in G,JS. Bach,32,95,both
Minuet in G,JS. Bach,1-2,95,right
Minuet in G,JS. Bach,1-2,95,left
Minuet in G,JS. Bach,1-2,95,both
Minuet in G,JS. Bach,3-4,95,right
Minuet in G,JS. Bach,3-4,95,left
Minuet in G,JS. Bach,3-4,95,both
Minuet in G,JS. Bach,5-6,95,right
Minuet in G,JS. Bach,5-6,95,left
Minuet in G,JS. Bach,5-6,95,both
Minuet in G,JS. Bach,7-8,95,right
Minuet in G,JS. Bach,7-8,95,left
Minuet in G,JS. Bach,7-8,95,both
Minuet in G,JS. Bach,9-10,95,right
Minuet in G,JS. Bach,9-10,95,left
Minuet in G,JS. Bach,9-10,95,both
Minuet in G,JS. Bach,11-12,95,right
Minuet in G,JS. Bach,11-12,95,left
Minuet in G,JS. Bach,11-12,95,both
Minuet in G,JS. Bach,13-14,95,right
Minuet in G,JS. Bach,13-14,95,left
Minuet in G,JS. Bach,13-14,95,both
Minuet in G,JS. Bach,15-16,95,right
Minuet in G,JS. Bach,15-16,95,left
Minuet in G,JS. Bach,15-16,95,both
Minuet in G,JS. Bach,17-18,95,right
Minuet in G,JS. Bach,17-18,95,left
Minuet in G,JS. Bach,17-18,95,both
Minuet in G,JS. Bach,19-20,95,right
Minuet in G,JS. Bach,19-20,95,left
Minuet in G,JS. Bach,19-20,95,both
Minuet in G,JS. Bach,21-22,95,right
Minuet in G,JS. Bach,21-22,95,left
Minuet in G,JS. Bach,21-22,95,both
Minuet in G,JS. Bach,23-24,95,right
Minuet in G,JS. Bach,23-24,95,left
Minuet in G,JS. Bach,23-24,95,both
Minuet in G,JS. Bach,25-26,95,right
Minuet in G,JS. Bach,25-26,95,left
Minuet in G,JS. Bach,25-26,95,both
Minuet in G,JS. Bach,27-28,95,right
Minuet in G,JS. Bach,27-28,95,left
Minuet in G,JS. Bach,27-28,95,both
Minuet in G,JS. Bach,29-30,95,right
Minuet in G,JS. Bach,29-30,95,left
Minuet in G,JS. Bach,29-30,95,both
Minuet in G,JS. Bach,31-32,95,right
Minuet in G,JS. Bach,31-32,95,left
Minuet in G,JS. Bach,31-32,95,both
Minuet in G,JS. Bach,1-4,95,right
Minuet in G,JS. Bach,1-4,95,left
Minuet in G,JS. Bach,1-4,95,both
Minuet in G,JS. Bach,5-8,95,right
Minuet in G,JS. Bach,5-8,95,left
Minuet in G,JS. Bach,5-8,95,both
Minuet in G,JS. Bach,9-12,95,right
Minuet in G,JS. Bach,9-12,95,left
Minuet in G,JS. Bach,9-12,95,both
Minuet in G,JS. Bach,13-16,95,right
Minuet in G,JS. Bach,13-16,95,left
Minuet in G,JS. Bach,13-16,95,both
Minuet in G,JS. Bach,17-20,95,right
Minuet in G,JS. Bach,17-20,95,left
Minuet in G,JS. Bach,17-20,95,both
Minuet in G,JS. Bach,21-24,95,right
Minuet in G,JS. Bach,21-24,95,left
Minuet in G,JS. Bach,21-24,95,both
Minuet in G,JS. Bach,25-28,95,right
Minuet in G,JS. Bach,25-28,95,left
Minuet in G,JS. Bach,25-28,95,both
Minuet in G,JS. Bach,29-32,95,right
Minuet in G,JS. Bach,29-32,95,left
Minuet in G,JS. Bach,29-32,95,both
Minuet in G,JS. Bach,1-8,95,right
Minuet in G,JS. Bach,1-8,95,left
Minuet in G,JS. Bach,1-8,95,both
Minuet in G,JS. Bach,9-16,95,right
Minuet in G,JS. Bach,9-16,95,left
Minuet in G,JS. Bach,9-16,95,both
Minuet in G,JS. Bach,17-24,95,right
Minuet in G,JS. Bach,17-24,95,left
Minuet in G,JS. Bach,17-24,95,both
Minuet in G,JS. Bach,25-32,95,right
Minuet in G,JS. Bach,25-32,95,left
Minuet in G,JS. Bach,25-32,95,both
Minuet in G,JS. Bach,1,100,right
Minuet in G,JS. Bach,1,100,left
Minuet in G,JS. Bach,1,100,both
Minuet in G,JS. Bach,2,100,right
Minuet in G,JS. Bach,2,100,left
Minuet in G,JS. Bach,2,100,both
Minuet in G,JS. Bach,3,100,right
Minuet in G,JS. Bach,3,100,left
Minuet in G,JS. Bach,3,100,both
Minuet in G,JS. Bach,4,100,right
Minuet in G,JS. Bach,4,100,left
Minuet in G,JS. Bach,4,100,both
Minuet in G,JS. Bach,5,100,right
Minuet in G,JS. Bach,5,100,left
Minuet in G,JS. Bach,5,100,both
Minuet in G,JS. Bach,6,100,right
Minuet in G,JS. Bach,6,100,left
Minuet in G,JS. Bach,6,100,both
Minuet in G,JS. Bach,7,100,right
Minuet in G,JS. Bach,7,100,left
Minuet in G,JS. Bach,7,100,both
Minuet in G,JS. Bach,8,100,right
Minuet in G,JS. Bach,8,100,left
Minuet in G,JS. Bach,8,100,both
Minuet in G,JS. Bach,9,100,right
Minuet in G,JS. Bach,9,100,left
Minuet in G,JS. Bach,9,100,both
Minuet in G,JS. Bach,10,100,right
Minuet in G,JS. Bach,10,100,left
Minuet in G,JS. Bach,10,100,both
Minuet in G,JS. Bach,11,100,right
Minuet in G,JS. Bach,11,100,left
Minuet in G,JS. Bach,11,100,both
Minuet in G,JS. Bach,12,100,right
Minuet in G,JS. Bach,12,100,left
Minuet in G,JS. Bach,12,100,both
Minuet in G,JS. Bach,13,100,right
Minuet in G,JS. Bach,13,100,left
Minuet in G,JS. Bach,13,100,both
Minuet in G,JS. Bach,14,100,right
Minuet in G,JS. Bach,14,100,left
Minuet in G,JS. Bach,14,100,both
Minuet in G,JS. Bach,15,100,right
Minuet in G,JS. Bach,15,100,left
Minuet in G,JS. Bach,15,100,both
Minuet in G,JS. Bach,16,100,right
Minuet in G,JS. Bach,16,100,left
Minuet in G,JS. Bach,16,100,both
Minuet in G,JS. Bach,17,100,right
Minuet in G,JS. Bach,17,100,left
Minuet in G,JS. Bach,17,100,both
Minuet in G,JS. Bach,18,100,right
Minuet in G,JS. Bach,18,100,left
Minuet in G,JS. Bach,18,100,both
Minuet in G,JS. Bach,19,100,right
Minuet in G,JS. Bach,19,100,left
Minuet in G,JS. Bach,19,100,both
Minuet in G,JS. Bach,20,100,right
Minuet in G,JS. Bach,20,100,left
Minuet in G,JS. Bach,20,100,both
Minuet in G,JS. Bach,21,100,right
Minuet in G,JS. Bach,21,100,left
Minuet in G,JS. Bach,21,100,both
Minuet in G,JS. Bach,22,100,right
Minuet in G,JS. Bach,22,100,left
Minuet in G,JS. Bach,22,100,both
Minuet in G,JS. Bach,23,100,right
Minuet in G,JS. Bach,23,100,left
Minuet in G,JS. Bach,23,100,both
Minuet in G,JS. Bach,24,100,right
Minuet in G,JS. Bach,24,100,left
Minuet in G,JS. Bach,24,100,both
Minuet in G,JS. Bach,25,100,right
Minuet in G,JS. Bach,25,100,left
Minuet in G,JS. Bach,25,100,both
Minuet in G,JS. Bach,26,100,right
Minuet in G,JS. Bach,26,100,left
Minuet in G,JS. Bach,26,100,both
Minuet in G,JS. Bach,27,100,right
Minuet in G,JS. Bach,27,100,left
Minuet in G,JS. Bach,27,100,both
Minuet in G,JS. Bach,28,100,right
Minuet in G,JS. Bach,28,100,left
Minuet in G,JS. Bach,28,100,both
Minuet in G,JS. Bach,29,100,right
Minuet in G,JS. Bach,29,100,left
Minuet in G,JS. Bach,29,100,both
Minuet in G,JS. Bach,30,100,right
Minuet in G,JS. Bach,30,100,left
Minuet in G,JS. Bach,30,100,both
Minuet in G,JS. Bach,31,100,right
Minuet in G,JS. Bach,31,100,left
Minuet in G,JS. Bach,31,100,both
Minuet in G,JS. Bach,32,100,right
Minuet in G,JS. Bach,32,100,left
Minuet in G,JS. Bach,32,100,both
Minuet in G,JS. Bach,1-2,100,right
Minuet in G,JS. Bach,1-2,100,left
Minuet in G,JS. Bach,1-2,100,both
Minuet in G,JS. Bach,3-4,100,right
Minuet in G,JS. Bach,3-4,100,left
Minuet in G,JS. Bach,3-4,100,both
Minuet in G,JS. Bach,5-6,100,right
Minuet in G,JS. Bach,5-6,100,left
Minuet in G,JS. Bach,5-6,100,both
Minuet in G,JS. Bach,7-8,100,right
Minuet in G,JS. Bach,7-8,100,left
Minuet in G,JS. Bach,7-8,100,both
Minuet in G,JS. Bach,9-10,100,right
Minuet in G,JS. Bach,9-10,100,left
Minuet in G,JS. Bach,9-10,100,both
Minuet in G,JS. Bach,11-12,100,right
Minuet in G,JS. Bach,11-12,100,left
Minuet in G,JS. Bach,11-12,100,both
Minuet in G,JS. Bach,13-14,100,right
Minuet in G,JS. Bach,13-14,100,left
Minuet in G,JS. Bach,13-14,100,both
Minuet in G,JS. Bach,15-16,100,right
Minuet in G,JS. Bach,15-16,100,left
Minuet in G,JS. Bach,15-16,100,both
Minuet in G,JS. Bach,17-18,100,right
Minuet in G,JS. Bach,17-18,100,left
Minuet in G,JS. Bach,17-18,100,both
Minuet in G,JS. Bach,19-20,100,right
Minuet in G,JS. Bach,19-20,100,left
Minuet in G,JS. Bach,19-20,100,both
Minuet in G,JS. Bach,21-22,100,right
Minuet in G,JS. Bach,21-22,100,left
Minuet in G,JS. Bach,21-22,100,both
Minuet in G,JS. Bach,23-24,100,right
Minuet in G,JS. Bach,23-24,100,left
Minuet in G,JS. Bach,23-24,100,both
Minuet in G,JS. Bach,25-26,100,right
Minuet in G,JS. Bach,25-26,100,left
Minuet in G,JS. Bach,25-26,100,both
Minuet in G,JS. Bach,27-28,100,right
Minuet in G,JS. Bach,27-28,100,left
Minuet in G,JS. Bach,27-28,100,both
Minuet in G,JS. Bach,29-30,100,right
Minuet in G,JS. Bach,29-30,100,left
Minuet in G,JS. Bach,29-30,100,both
Minuet in G,JS. Bach,31-32,100,right
Minuet in G,JS. Bach,31-32,100,left
Minuet in G,JS. Bach,31-32,100,both
Minuet in G,JS. Bach,1-4,100,right
Minuet in G,JS. Bach,1-4,100,left
Minuet in G,JS. Bach,1-4,100,both
Minuet in G,JS. Bach,5-8,100,right
Minuet in G,JS. Bach,5-8,100,left
Minuet in G,JS. Bach,5-8,100,both
Minuet in G,JS. Bach,9-12,100,right
Minuet in G,JS. Bach,9-12,100,left
Minuet in G,JS. Bach,9-12,100,both
Minuet in G,JS. Bach,13-16,100,right
Minuet in G,JS. Bach,13-16,100,left
Minuet in G,JS. Bach,13-16,100,both
Minuet in G,JS. Bach,17-20,100,right
Minuet in G,JS. Bach,17-20,100,left
Minuet in G,JS. Bach,17-20,100,both
Minuet in G,JS. Bach,21-24,100,right
Minuet in G,JS. Bach,21-24,100,left
Minuet in G,JS. Bach,21-24,100,both
Minuet in G,JS. Bach,25-28,100,right
Minuet in G,JS. Bach,25-28,100,left
Minuet in G,JS. Bach,25-28,100,both
Minuet in G,JS. Bach,29-32,100,right
Minuet in G,JS. Bach,29-32,100,left
Minuet in G,JS. Bach,29-32,100,both
Minuet in G,JS. Bach,1-8,100,right
Minuet in G,JS. Bach,1-8,100,left
Minuet in G,JS. Bach,1-8,100,both
Minuet in G,JS. Bach,9-16,100,right
Minuet in G,JS. Bach,9-16,100,left
Minuet in G,JS. Bach,9-16,100,both
Minuet in G,JS. Bach,17-24,100,right
Minuet in G,JS. Bach,17-24,100,left
Minuet in G,JS. Bach,17-24,100,both
Minuet in G,JS. Bach,25-32,100,right
Minuet in G,JS. Bach,25-32,100,left
Minuet in G,JS. Bach,25-32,100,both
Minuet in G,JS. Bach,1,105,right
Minuet in G,JS. Bach,1,105,left
Minuet in G,JS. Bach,1,105,both
Minuet in G,JS. Bach,2,105,right
Minuet in G,JS. Bach,2,105,left
Minuet in G,JS. Bach,2,105,both
Minuet in G,JS. Bach,3,105,right
Minuet in G,JS. Bach,3,105,left
Minuet in G,JS. Bach,3,105,both
Minuet in G,JS. Bach,4,105,right
Minuet in G,JS. Bach,4,105,left
Minuet in G,JS. Bach,4,105,both
Minuet in G,JS. Bach,5,105,right
Minuet in G,JS. Bach,5,105,left
Minuet in G,JS. Bach,5,105,both
Minuet in G,JS. Bach,6,105,right
Minuet in G,JS. Bach,6,105,left
Minuet in G,JS. Bach,6,105,both
Minuet in G,JS. Bach,7,105,right
Minuet in G,JS. Bach,7,105,left
Minuet in G,JS. Bach,7,105,both
Minuet in G,JS. Bach,8,105,right
Minuet in G,JS. Bach,8,105,left
Minuet in G,JS. Bach,8,105,both
Minuet in G,JS. Bach,9,105,right
Minuet in G,JS. Bach,9,105,left
Minuet in G,JS. Bach,9,105,both
Minuet in G,JS. Bach,10,105,right
Minuet in G,JS. Bach,10,105,left
Minuet in G,JS. Bach,10,105,both
Minuet in G,JS. Bach,11,105,right
Minuet in G,JS. Bach,11,105,left
Minuet in G,JS. Bach,11,105,both
Minuet in G,JS. Bach,12,105,right
Minuet in G,JS. Bach,12,105,left
Minuet in G,JS. Bach,12,105,both
Minuet in G,JS. Bach,13,105,right
Minuet in G,JS. Bach,13,105,left
Minuet in G,JS. Bach,13,105,both
Minuet in G,JS. Bach,14,105,right
Minuet in G,JS. Bach,14,105,left
Minuet in G,JS. Bach,14,105,both
Minuet in G,JS. Bach,15,105,right
Minuet in G,JS. Bach,15,105,left
Minuet in G,JS. Bach,15,105,both
Minuet in G,JS. Bach,16,105,right
Minuet in G,JS. Bach,16,105,left
Minuet in G,JS. Bach,16,105,both
Minuet in G,JS. Bach,17,105,right
Minuet in G,JS. Bach,17,105,left
Minuet in G,JS. Bach,17,105,both
Minuet in G,JS. Bach,18,105,right
Minuet in G,JS. Bach,18,105,left
Minuet in G,JS. Bach,18,105,both
Minuet in G,JS. Bach,19,105,right
Minuet in G,JS. Bach,19,105,left
Minuet in G,JS. Bach,19,105,both
Minuet in G,JS. Bach,20,105,right
Minuet in G,JS. Bach,20,105,left
Minuet in G,JS. Bach,20,105,both
Minuet in G,JS. Bach,21,105,right
Minuet in G,JS. Bach,21,105,left
Minuet in G,JS. Bach,21,105,both
Minuet in G,JS. Bach,22,105,right
Minuet in G,JS. Bach,22,105,left
Minuet in G,JS. Bach,22,105,both
Minuet in G,JS. Bach,23,105,right
Minuet in G,JS. Bach,23,105,left
Minuet in G,JS. Bach,23,105,both
Minuet in G,JS. Bach,24,105,right
Minuet in G,JS. Bach,24,105,left
Minuet in G,JS. Bach,24,105,both
Minuet in G,JS. Bach,25,105,right
Minuet in G,JS. Bach,25,105,left
Minuet in G,JS. Bach,25,105,both
Minuet in G,JS. Bach,26,105,right
Minuet in G,JS. Bach,26,105,left
Minuet in G,JS. Bach,26,105,both
Minuet in G,JS. Bach,27,105,right
Minuet in G,JS. Bach,27,105,left
Minuet in G,JS. Bach,27,105,both
Minuet in G,JS. Bach,28,105,right
Minuet in G,JS. Bach,28,105,left
Minuet in G,JS. Bach,28,105,both
Minuet in G,JS. Bach,29,105,right
Minuet in G,JS. Bach,29,105,left
Minuet in G,JS. Bach,29,105,both
Minuet in G,JS. Bach,30,105,right
Minuet in G,JS. Bach,30,105,left
Minuet in G,JS. Bach,30,105,both
Minuet in G,JS. Bach,31,105,right
Minuet in G,JS. Bach,31,105,left
Minuet in G,JS. Bach,31,105,both
Minuet in G,JS. Bach,32,105,right
Minuet in G,JS. Bach,32,105,left
Minuet in G,JS. Bach,32,105,both
Minuet in G,JS. Bach,1-2,105,right
Minuet in G,JS. Bach,1-2,105,left
Minuet in G,JS. Bach,1-2,105,both
Minuet in G,JS. Bach,3-4,105,right
Minuet in G,JS. Bach,3-4,105,left
Minuet in G,JS. Bach,3-4,105,both
Minuet in G,JS. Bach,5-6,105,right
Minuet in G,JS. Bach,5-6,105,left
Minuet in G,JS. Bach,5-6,105,both
Minuet in G,JS. Bach,7-8,105,right
Minuet in G,JS. Bach,7-8,105,left
Minuet in G,JS. Bach,7-8,105,both
Minuet in G,JS. Bach,9-10,105,right
Minuet in G,JS. Bach,9-10,105,left
Minuet in G,JS. Bach,9-10,105,both
Minuet in G,JS. Bach,11-12,105,right
Minuet in G,JS. Bach,11-12,105,left
Minuet in G,JS. Bach,11-12,105,both
Minuet in G,JS. Bach,13-14,105,right
Minuet in G,JS. Bach,13-14,105,left
Minuet in G,JS. Bach,13-14,105,both
Minuet in G,JS. Bach,15-16,105,right
Minuet in G,JS. Bach,15-16,105,left
Minuet in G,JS. Bach,15-16,105,both
Minuet in G,JS. Bach,17-18,105,right
Minuet in G,JS. Bach,17-18,105,left
Minuet in G,JS. Bach,17-18,105,both
Minuet in G,JS. Bach,19-20,105,right
Minuet in G,JS. Bach,19-20,105,left
Minuet in G,JS. Bach,19-20,105,both
Minuet in G,JS. Bach,21-22,105,right
Minuet in G,JS. Bach,21-22,105,left
Minuet in G,JS. Bach,21-22,105,both
Minuet in G,JS. Bach,23-24,105,right
Minuet in G,JS. Bach,23-24,105,left
Minuet in G,JS. Bach,23-24,105,both
Minuet in G,JS. Bach,25-26,105,right
Minuet in G,JS. Bach,25-26,105,left
Minuet in G,JS. Bach,25-26,105,both
Minuet in G,JS. Bach,27-28,105,right
Minuet in G,JS. Bach,27-28,105,left
Minuet in G,JS. Bach,27-28,105,both
Minuet in G,JS. Bach,29-30,105,right
Minuet in G,JS. Bach,29-30,105,left
Minuet in G,JS. Bach,29-30,105,both
Minuet in G,JS. Bach,31-32,105,right
Minuet in G,JS. Bach,31-32,105,left
Minuet in G,JS. Bach,31-32,105,both
Minuet in G,JS. Bach,1-4,105,right
Minuet in G,JS. Bach,1-4,105,left
Minuet in G,JS. Bach,1-4,105,both
Minuet in G,JS. Bach,5-8,105,right
Minuet in G,JS. Bach,5-8,105,left
Minuet in G,JS. Bach,5-8,105,both
Minuet in G,JS. Bach,9-12,105,right
Minuet in G,JS. Bach,9-12,105,left
Minuet in G,JS. Bach,9-12,105,both
Minuet in G,JS. Bach,13-16,105,right
Minuet in G,JS. Bach,13-16,105,left
Minuet in G,JS. Bach,13-16,105,both
Minuet in G,JS. Bach,17-20,105,right
Minuet in G,JS. Bach,17-20,105,left
Minuet in G,JS. Bach,17-20,105,both
Minuet in G,JS. Bach,21-24,105,right
Minuet in G,JS. Bach,21-24,105,left
Minuet in G,JS. Bach,21-24,105,both
Minuet in G,JS. Bach,25-28,105,right
Minuet in G,JS. Bach,25-28,105,left
Minuet in G,JS. Bach,25-28,105,both
Minuet in G,JS. Bach,29-32,105,right
Minuet in G,JS. Bach,29-32,105,left
Minuet in G,JS. Bach,29-32,105,both
Minuet in G,JS. Bach,1-8,105,right
Minuet in G,JS. Bach,1-8,105,left
Minuet in G,JS. Bach,1-8,105,both
Minuet in G,JS. Bach,9-16,105,right
Minuet in G,JS. Bach,9-16,105,left
Minuet in G,JS. Bach,9-16,105,both
Minuet in G,JS. Bach,17-24,105,right
Minuet in G,JS. Bach,17-24,105,left
Minuet in G,JS. Bach,17-24,105,both
Minuet in G,JS. Bach,25-32,105,right
Minuet in G,JS. Bach,25-32,105,left
Minuet in G,JS. Bach,25-32,105,both
Minuet in G,JS. Bach,1,112,right
Minuet in G,JS. Bach,1,112,left
Minuet in G,JS. Bach,1,112,both
Minuet in G,JS. Bach,2,112,right
Minuet in G,JS. Bach,2,112,left
Minuet in G,JS. Bach,2,112,both
Minuet in G,JS. Bach,3,112,right
Minuet in G,JS. Bach,3,112,left
Minuet in G,JS. Bach,3,112,both
Minuet in G,JS. Bach,4,112,right
Minuet in G,JS. Bach,4,112,left
Minuet in G,JS. Bach,4,112,both
Minuet in G,JS. Bach,5,112,right
Minuet in G,JS. Bach,5,112,left
Minuet in G,JS. Bach,5,112,both
Minuet in G,JS. Bach,6,112,right
Minuet in G,JS. Bach,6,112,left
Minuet in G,JS. Bach,6,112,both
Minuet in G,JS. Bach,7,112,right
Minuet in G,JS. Bach,7,112,left
Minuet in G,JS. Bach,7,112,both
Minuet in G,JS. Bach,8,112,right
Minuet in G,JS. Bach,8,112,left
Minuet in G,JS. Bach,8,112,both
Minuet in G,JS. Bach,9,112,right
Minuet in G,JS. Bach,9,112,left
Minuet in G,JS. Bach,9,112,both
Minuet in G,JS. Bach,10,112,right
Minuet in G,JS. Bach,10,112,left
Minuet in G,JS. Bach,10,112,both
Minuet in G,JS. Bach,11,112,right
Minuet in G,JS. Bach,11,112,left
Minuet in G,JS. Bach,11,112,both
Minuet in G,JS. Bach,12,112,right
Minuet in G,JS. Bach,12,112,left
Minuet in G,JS. Bach,12,112,both
Minuet in G,JS. Bach,13,112,right
Minuet in G,JS. Bach,13,112,left
Minuet in G,JS. Bach,13,112,both
Minuet in G,JS. Bach,14,112,right
Minuet in G,JS. Bach,14,112,left
Minuet in G,JS. Bach,14,112,both
Minuet in G,JS. Bach,15,112,right
Minuet in G,JS. Bach,15,112,left
Minuet in G,JS. Bach,15,112,both
Minuet in G,JS. Bach,16,112,right
Minuet in G,JS. Bach,16,112,left
Minuet in G,JS. Bach,16,112,both
Minuet in G,JS. Bach,17,112,right
Minuet in G,JS. Bach,17,112,left
Minuet in G,JS. Bach,17,112,both
Minuet in G,JS. Bach,18,112,right
Minuet in G,JS. Bach,18,112,left
Minuet in G,JS. Bach,18,112,both
Minuet in G,JS. Bach,19,112,right
Minuet in G,JS. Bach,19,112,left
Minuet in G,JS. Bach,19,112,both
Minuet in G,JS. Bach,20,112,right
Minuet in G,JS. Bach,20,112,left
Minuet in G,JS. Bach,20,112,both
Minuet in G,JS. Bach,21,112,right
Minuet in G,JS. Bach,21,112,left
Minuet in G,JS. Bach,21,112,both
Minuet in G,JS. Bach,22,112,right
Minuet in G,JS. Bach,22,112,left
Minuet in G,JS. Bach,22,112,both
Minuet in G,JS. Bach,23,112,right
Minuet in G,JS. Bach,23,112,left
Minuet in G,JS. Bach,23,112,both
Minuet in G,JS. Bach,24,112,right
Minuet in G,JS. Bach,24,112,left
Minuet in G,JS. Bach,24,112,both
Minuet in G,JS. Bach,25,112,right
Minuet in G,JS. Bach,25,112,left
Minuet in G,JS. Bach,25,112,both
Minuet in G,JS. Bach,26,112,right
Minuet in G,JS. Bach,26,112,left
Minuet in G,JS. Bach,26,112,both
Minuet in G,JS. Bach,27,112,right
Minuet in G,JS. Bach,27,112,left
Minuet in G,JS. Bach,27,112,both
Minuet in G,JS. Bach,28,112,right
Minuet in G,JS. Bach,28,112,left
Minuet in G,JS. Bach,28,112,both
Minuet in G,JS. Bach,29,112,right
Minuet in G,JS. Bach,29,112,left
Minuet in G,JS. Bach,29,112,both
Minuet in G,JS. Bach,30,112,right
Minuet in G,JS. Bach,30,112,left
Minuet in G,JS. Bach,30,112,both
Minuet in G,JS. Bach,31,112,right
Minuet in G,JS. Bach,31,112,left
Minuet in G,JS. Bach,31,112,both
Minuet in G,JS. Bach,32,112,right
Minuet in G,JS. Bach,32,112,left
Minuet in G,JS. Bach,32,112,both
Minuet in G,JS. Bach,1-2,112,right
Minuet in G,JS. Bach,1-2,112,left
Minuet in G,JS. Bach,1-2,112,both
Minuet in G,JS. Bach,3-4,112,right
Minuet in G,JS. Bach,3-4,112,left
Minuet in G,JS. Bach,3-4,112,both
Minuet in G,JS. Bach,5-6,112,right
Minuet in G,JS. Bach,5-6,112,left
Minuet in G,JS. Bach,5-6,112,both
Minuet in G,JS. Bach,7-8,112,right
Minuet in G,JS. Bach,7-8,112,left
Minuet in G,JS. Bach,7-8,112,both
Minuet in G,JS. Bach,9-10,112,right
Minuet in G,JS. Bach,9-10,112,left
Minuet in G,JS. Bach,9-10,112,both
Minuet in G,JS. Bach,11-12,112,right
Minuet in G,JS. Bach,11-12,112,left
Minuet in G,JS. Bach,11-12,112,both
Minuet in G,JS. Bach,13-14,112,right
Minuet in G,JS. Bach,13-14,112,left
Minuet in G,JS. Bach,13-14,112,both
Minuet in G,JS. Bach,15-16,112,right
Minuet in G,JS. Bach,15-16,112,left
Minuet in G,JS. Bach,15-16,112,both
Minuet in G,JS. Bach,17-18,112,right
Minuet in G,JS. Bach,17-18,112,left
Minuet in G,JS. Bach,17-18,112,both
Minuet in G,JS. Bach,19-20,112,right
Minuet in G,JS. Bach,19-20,112,left
Minuet in G,JS. Bach,19-20,112,both
Minuet in G,JS. Bach,21-22,112,right
Minuet in G,JS. Bach,21-22,112,left
Minuet in G,JS. Bach,21-22,112,both
Minuet in G,JS. Bach,23-24,112,right
Minuet in G,JS. Bach,23-24,112,left
Minuet in G,JS. Bach,23-24,112,both
Minuet in G,JS. Bach,25-26,112,right
Minuet in G,JS. Bach,25-26,112,left
Minuet in G,JS. Bach,25-26,112,both
Minuet in G,JS. Bach,27-28,112,right
Minuet in G,JS. Bach,27-28,112,left
Minuet in G,JS. Bach,27-28,112,both
Minuet in G,JS. Bach,29-30,112,right
Minuet in G,JS. Bach,29-30,112,left
Minuet in G,JS. Bach,29-30,112,both
Minuet in G,JS. Bach,31-32,112,right
Minuet in G,JS. Bach,31-32,112,left
Minuet in G,JS. Bach,31-32,112,both
Minuet in G,JS. Bach,1-4,112,right
Minuet in G,JS. Bach,1-4,112,left
Minuet in G,JS. Bach,1-4,112,both
Minuet in G,JS. Bach,5-8,112,right
Minuet in G,JS. Bach,5-8,112,left
Minuet in G,JS. Bach,5-8,112,both
Minuet in G,JS. Bach,9-12,112,right
Minuet in G,JS. Bach,9-12,112,left
Minuet in G,JS. Bach,9-12,112,both
Minuet in G,JS. Bach,13-16,112,right
Minuet in G,JS. Bach,13-16,112,left
Minuet in G,JS. Bach,13-16,112,both
Minuet in G,JS. Bach,17-20,112,right
Minuet in G,JS. Bach,17-20,112,left
Minuet in G,JS. Bach,17-20,112,both
Minuet in G,JS. Bach,21-24,112,right
Minuet in G,JS. Bach,21-24,112,left
Minuet in G,JS. Bach,21-24,112,both
Minuet in G,JS. Bach,25-28,112,right
Minuet in G,JS. Bach,25-28,112,left
Minuet in G,JS. Bach,25-28,112,both
Minuet in G,JS. Bach,29-32,112,right
Minuet in G,JS. Bach,29-32,112,left
Minuet in G,JS. Bach,29-32,112,both
Minuet in G,JS. Bach,1-8,112,right
Minuet in G,JS. Bach,1-8,112,left
Minuet in G,JS. Bach,1-8,112,both
Minuet in G,JS. Bach,9-16,112,right
Minuet in G,JS. Bach,9-16,112,left
Minuet in G,JS. Bach,9-16,112,both
Minuet in G,JS. Bach,17-24,112,right
Minuet in G,JS. Bach,17-24,112,left
Minuet in G,JS. Bach,17-24,112,both
Minuet in G,JS. Bach,25-32,112,right
Minuet in G,JS. Bach,25-32,112,left
Minuet in G,JS. Bach,25-32,112,both
