Nutcracker March,Tchaikovsky,1,no metronome,right
Nutcracker March,Tchaikovsky,1,no metronome,left
Nutcracker March,Tchaikovsky,1,no metronome,both
Nutcracker March,Tchaikovsky,2,no metronome,right
Nutcracker March,Tchaikovsky,2,no metronome,left
Nutcracker March,Tchaikovsky,2,no metronome,both
Nutcracker March,Tchaikovsky,3,no metronome,right
Nutcracker March,Tchaikovsky,3,no metronome,left
Nutcracker March,Tchaikovsky,3,no metronome,both
Nutcracker March,Tchaikovsky,4,no metronome,right
Nutcracker March,Tchaikovsky,4,no metronome,left
Nutcracker March,Tchaikovsky,4,no metronome,both
Nutcracker March,Tchaikovsky,5,no metronome,right
Nutcracker March,Tchaikovsky,5,no metronome,left
Nutcracker March,Tchaikovsky,5,no metronome,both
Nutcracker March,Tchaikovsky,6,no metronome,right
Nutcracker March,Tchaikovsky,6,no metronome,left
Nutcracker March,Tchaikovsky,6,no metronome,both
Nutcracker March,Tchaikovsky,7,no metronome,right
Nutcracker March,Tchaikovsky,7,no metronome,left
Nutcracker March,Tchaikovsky,7,no metronome,both
Nutcracker March,Tchaikovsky,8,no metronome,right
Nutcracker March,Tchaikovsky,8,no metronome,left
Nutcracker March,Tchaikovsky,8,no metronome,both
Nutcracker March,Tchaikovsky,9,no metronome,right
Nutcracker March,Tchaikovsky,9,no metronome,left
Nutcracker March,Tchaikovsky,9,no metronome,both
Nutcracker March,Tchaikovsky,10,no metronome,right
Nutcracker March,Tchaikovsky,10,no metronome,left
Nutcracker March,Tchaikovsky,10,no metronome,both
Nutcracker March,Tchaikovsky,11,no metronome,right
Nutcracker March,Tchaikovsky,11,no metronome,left
Nutcracker March,Tchaikovsky,11,no metronome,both
Nutcracker March,Tchaikovsky,12,no metronome,right
Nutcracker March,Tchaikovsky,12,no metronome,left
Nutcracker March,Tchaikovsky,12,no metronome,both
Nutcracker March,Tchaikovsky,13,no metronome,right
Nutcracker March,Tchaikovsky,13,no metronome,left
Nutcracker March,Tchaikovsky,13,no metronome,both
Nutcracker March,Tchaikovsky,14,no metronome,right
Nutcracker March,Tchaikovsky,14,no metronome,left
Nutcracker March,Tchaikovsky,14,no metronome,both
Nutcracker March,Tchaikovsky,15,no metronome,right
Nutcracker March,Tchaikovsky,15,no metronome,left
Nutcracker March,Tchaikovsky,15,no metronome,both
Nutcracker March,Tchaikovsky,16,no metronome,right
Nutcracker March,Tchaikovsky,16,no metronome,left
Nutcracker March,Tchaikovsky,16,no metronome,both
Nutcracker March,Tchaikovsky,1-2,no metronome,right
Nutcracker March,Tchaikovsky,1-2,no metronome,left
Nutcracker March,Tchaikovsky,1-2,no metronome,both
Nutcracker March,Tchaikovsky,3-4,no metronome,right
Nutcracker March,Tchaikovsky,3-4,no metronome,left
Nutcracker March,Tchaikovsky,3-4,no metronome,both
Nutcracker March,Tchaikovsky,5-6,no metronome,right
Nutcracker March,Tchaikovsky,5-6,no metronome,left
Nutcracker March,Tchaikovsky,5-6,no metronome,both
Nutcracker March,Tchaikovsky,7-8,no metronome,right
Nutcracker March,Tchaikovsky,7-8,no metronome,left
Nutcracker March,Tchaikovsky,7-8,no metronome,both
Nutcracker March,Tchaikovsky,9-10,no metronome,right
Nutcracker March,Tchaikovsky,9-10,no metronome,left
Nutcracker March,Tchaikovsky,9-10,no metronome,both
Nutcracker March,Tchaikovsky,11-12,no metronome,right
Nutcracker March,Tchaikovsky,11-12,no metronome,left
Nutcracker March,Tchaikovsky,11-12,no metronome,both
Nutcracker March,Tchaikovsky,13-14,no metronome,right
Nutcracker March,Tchaikovsky,13-14,no metronome,left
Nutcracker March,Tchaikovsky,13-14,no metronome,both
Nutcracker March,Tchaikovsky,15-16,no metronome,right
Nutcracker March,Tchaikovsky,15-16,no metronome,left
Nutcracker March,Tchaikovsky,15-16,no metronome,both
Nutcracker March,Tchaikovsky,1-4,no metronome,right
Nutcracker March,Tchaikovsky,1-4,no metronome,left
Nutcracker March,Tchaikovsky,1-4,no metronome,both
Nutcracker March,Tchaikovsky,5-8,no metronome,right
Nutcracker March,Tchaikovsky,5-8,no metronome,left
Nutcracker March,Tchaikovsky,5-8,no metronome,both
Nutcracker March,Tchaikovsky,9-12,no metronome,right
Nutcracker March,Tchaikovsky,9-12,no metronome,left
Nutcracker March,Tchaikovsky,9-12,no metronome,both
Nutcracker March,Tchaikovsky,13-16,no metronome,right
Nutcracker March,Tchaikovsky,13-16,no metronome,left
Nutcracker March,Tchaikovsky,13-16,no metronome,both
Nutcracker March,Tchaikovsky,1-8,no metronome,right
Nutcracker March,Tchaikovsky,1-8,no metronome,left
Nutcracker March,Tchaikovsky,1-8,no metronome,both
Nutcracker March,Tchaikovsky,9-16,no metronome,right
Nutcracker March,Tchaikovsky,9-16,no metronome,left
Nutcracker March,Tchaikovsky,9-16,no metronome,both
Nutcracker March,Tchaikovsky,1,55,right
Nutcracker March,Tchaikovsky,1,55,left
Nutcracker March,Tchaikovsky,1,55,both
Nutcracker March,Tchaikovsky,2,55,right
Nutcracker March,Tchaikovsky,2,55,left
Nutcracker March,Tchaikovsky,2,55,both
Nutcracker March,Tchaikovsky,3,55,right
Nutcracker March,Tchaikovsky,3,55,left
Nutcracker March,Tchaikovsky,3,55,both
Nutcracker March,Tchaikovsky,4,55,right
Nutcracker March,Tchaikovsky,4,55,left
Nutcracker March,Tchaikovsky,4,55,both
Nutcracker March,Tchaikovsky,5,55,right
Nutcracker March,Tchaikovsky,5,55,left
Nutcracker March,Tchaikovsky,5,55,both
Nutcracker March,Tchaikovsky,6,55,right
Nutcracker March,Tchaikovsky,6,55,left
Nutcracker March,Tchaikovsky,6,55,both
Nutcracker March,Tchaikovsky,7,55,right
Nutcracker March,Tchaikovsky,7,55,left
Nutcracker March,Tchaikovsky,7,55,both
Nutcracker March,Tchaikovsky,8,55,right
Nutcracker March,Tchaikovsky,8,55,left
Nutcracker March,Tchaikovsky,8,55,both
Nutcracker March,Tchaikovsky,9,55,right
Nutcracker March,Tchaikovsky,9,55,left
Nutcracker March,Tchaikovsky,9,55,both
Nutcracker March,Tchaikovsky,10,55,right
Nutcracker March,Tchaikovsky,10,55,left
Nutcracker March,Tchaikovsky,10,55,both
Nutcracker March,Tchaikovsky,11,55,right
Nutcracker March,Tchaikovsky,11,55,left
Nutcracker March,Tchaikovsky,11,55,both
Nutcracker March,Tchaikovsky,12,55,right
Nutcracker March,Tchaikovsky,12,55,left
Nutcracker March,Tchaikovsky,12,55,both
Nutcracker March,Tchaikovsky,13,55,right
Nutcracker March,Tchaikovsky,13,55,left
Nutcracker March,Tchaikovsky,13,55,both
Nutcracker March,Tchaikovsky,14,55,right
Nutcracker March,Tchaikovsky,14,55,left
Nutcracker March,Tchaikovsky,14,55,both
Nutcracker March,Tchaikovsky,15,55,right
Nutcracker March,Tchaikovsky,15,55,left
Nutcracker March,Tchaikovsky,15,55,both
Nutcracker March,Tchaikovsky,16,55,right
Nutcracker March,Tchaikovsky,16,55,left
Nutcracker March,Tchaikovsky,16,55,both
Nutcracker March,Tchaikovsky,1-2,55,right
Nutcracker March,Tchaikovsky,1-2,55,left
Nutcracker March,Tchaikovsky,1-2,55,both
Nutcracker March,Tchaikovsky,3-4,55,right
Nutcracker March,Tchaikovsky,3-4,55,left
Nutcracker March,Tchaikovsky,3-4,55,both
Nutcracker March,Tchaikovsky,5-6,55,right
Nutcracker March,Tchaikovsky,5-6,55,left
Nutcracker March,Tchaikovsky,5-6,55,both
Nutcracker March,Tchaikovsky,7-8,55,right
Nutcracker March,Tchaikovsky,7-8,55,left
Nutcracker March,Tchaikovsky,7-8,55,both
Nutcracker March,Tchaikovsky,9-10,55,right
Nutcracker March,Tchaikovsky,9-10,55,left
Nutcracker March,Tchaikovsky,9-10,55,both
Nutcracker March,Tchaikovsky,11-12,55,right
Nutcracker March,Tchaikovsky,11-12,55,left
Nutcracker March,Tchaikovsky,11-12,55,both
Nutcracker March,Tchaikovsky,13-14,55,right
Nutcracker March,Tchaikovsky,13-14,55,left
Nutcracker March,Tchaikovsky,13-14,55,both
Nutcracker March,Tchaikovsky,15-16,55,right
Nutcracker March,Tchaikovsky,15-16,55,left
Nutcracker March,Tchaikovsky,15-16,55,both
Nutcracker March,Tchaikovsky,1-4,55,right
Nutcracker March,Tchaikovsky,1-4,55,left
Nutcracker March,Tchaikovsky,1-4,55,both
Nutcracker March,Tchaikovsky,5-8,55,right
Nutcracker March,Tchaikovsky,5-8,55,left
Nutcracker March,Tchaikovsky,5-8,55,both
Nutcracker March,Tchaikovsky,9-12,55,right
Nutcracker March,Tchaikovsky,9-12,55,left
Nutcracker March,Tchaikovsky,9-12,55,both
Nutcracker March,Tchaikovsky,13-16,55,right
Nutcracker March,Tchaikovsky,13-16,55,left
Nutcracker March,Tchaikovsky,13-16,55,both
Nutcracker March,Tchaikovsky,1-8,55,right
Nutcracker March,Tchaikovsky,1-8,55,left
Nutcracker March,Tchaikovsky,1-8,55,both
Nutcracker March,Tchaikovsky,9-16,55,right
Nutcracker March,Tchaikovsky,9-16,55,left
Nutcracker March,Tchaikovsky,9-16,55,both
Nutcracker March,Tchaikovsky,1,60,right
Nutcracker March,Tchaikovsky,1,60,left
Nutcracker March,Tchaikovsky,1,60,both
Nutcracker March,Tchaikovsky,2,60,right
Nutcracker March,Tchaikovsky,2,60,left
Nutcracker March,Tchaikovsky,2,60,both
Nutcracker March,Tchaikovsky,3,60,right
Nutcracker March,Tchaikovsky,3,60,left
Nutcracker March,Tchaikovsky,3,60,both
Nutcracker March,Tchaikovsky,4,60,right
Nutcracker March,Tchaikovsky,4,60,left
Nutcracker March,Tchaikovsky,4,60,both
Nutcracker March,Tchaikovsky,5,60,right
Nutcracker March,Tchaikovsky,5,60,left
Nutcracker March,Tchaikovsky,5,60,both
Nutcracker March,Tchaikovsky,6,60,right
Nutcracker March,Tchaikovsky,6,60,left
Nutcracker March,Tchaikovsky,6,60,both
Nutcracker March,Tchaikovsky,7,60,right
Nutcracker March,Tchaikovsky,7,60,left
Nutcracker March,Tchaikovsky,7,60,both
Nutcracker March,Tchaikovsky,8,60,right
Nutcracker March,Tchaikovsky,8,60,left
Nutcracker March,Tchaikovsky,8,60,both
Nutcracker March,Tchaikovsky,9,60,right
Nutcracker March,Tchaikovsky,9,60,left
Nutcracker March,Tchaikovsky,9,60,both
Nutcracker March,Tchaikovsky,10,60,right
Nutcracker March,Tchaikovsky,10,60,left
Nutcracker March,Tchaikovsky,10,60,both
Nutcracker March,Tchaikovsky,11,60,right
Nutcracker March,Tchaikovsky,11,60,left
Nutcracker March,Tchaikovsky,11,60,both
Nutcracker March,Tchaikovsky,12,60,right
Nutcracker March,Tchaikovsky,12,60,left
Nutcracker March,Tchaikovsky,12,60,both
Nutcracker March,Tchaikovsky,13,60,right
Nutcracker March,Tchaikovsky,13,60,left
Nutcracker March,Tchaikovsky,13,60,both
Nutcracker March,Tchaikovsky,14,60,right
Nutcracker March,Tchaikovsky,14,60,left
Nutcracker March,Tchaikovsky,14,60,both
Nutcracker March,Tchaikovsky,15,60,right
Nutcracker March,Tchaikovsky,15,60,left
Nutcracker March,Tchaikovsky,15,60,both
Nutcracker March,Tchaikovsky,16,60,right
Nutcracker March,Tchaikovsky,16,60,left
Nutcracker March,Tchaikovsky,16,60,both
Nutcracker March,Tchaikovsky,1-2,60,right
Nutcracker March,Tchaikovsky,1-2,60,left
Nutcracker March,Tchaikovsky,1-2,60,both
Nutcracker March,Tchaikovsky,3-4,60,right
Nutcracker March,Tchaikovsky,3-4,60,left
Nutcracker March,Tchaikovsky,3-4,60,both
Nutcracker March,Tchaikovsky,5-6,60,right
Nutcracker March,Tchaikovsky,5-6,60,left
Nutcracker March,Tchaikovsky,5-6,60,both
Nutcracker March,Tchaikovsky,7-8,60,right
Nutcracker March,Tchaikovsky,7-8,60,left
Nutcracker March,Tchaikovsky,7-8,60,both
Nutcracker March,Tchaikovsky,9-10,60,right
Nutcracker March,Tchaikovsky,9-10,60,left
Nutcracker March,Tchaikovsky,9-10,60,both
Nutcracker March,Tchaikovsky,11-12,60,right
Nutcracker March,Tchaikovsky,11-12,60,left
Nutcracker March,Tchaikovsky,11-12,60,both
Nutcracker March,Tchaikovsky,13-14,60,right
Nutcracker March,Tchaikovsky,13-14,60,left
Nutcracker March,Tchaikovsky,13-14,60,both
Nutcracker March,Tchaikovsky,15-16,60,right
Nutcracker March,Tchaikovsky,15-16,60,left
Nutcracker March,Tchaikovsky,15-16,60,both
Nutcracker March,Tchaikovsky,1-4,60,right
Nutcracker March,Tchaikovsky,1-4,60,left
Nutcracker March,Tchaikovsky,1-4,60,both
Nutcracker March,Tchaikovsky,5-8,60,right
Nutcracker March,Tchaikovsky,5-8,60,left
Nutcracker March,Tchaikovsky,5-8,60,both
Nutcracker March,Tchaikovsky,9-12,60,right
Nutcracker March,Tchaikovsky,9-12,60,left
Nutcracker March,Tchaikovsky,9-12,60,both
Nutcracker March,Tchaikovsky,13-16,60,right
Nutcracker March,Tchaikovsky,13-16,60,left
Nutcracker March,Tchaikovsky,13-16,60,both
Nutcracker March,Tchaikovsky,1-8,60,right
Nutcracker March,Tchaikovsky,1-8,60,left
Nutcracker March,Tchaikovsky,1-8,60,both
Nutcracker March,Tchaikovsky,9-16,60,right
Nutcracker March,Tchaikovsky,9-16,60,left
Nutcracker March,Tchaikovsky,9-16,60,both
Nutcracker March,Tchaikovsky,1,65,right
Nutcracker March,Tchaikovsky,1,65,left
Nutcracker March,Tchaikovsky,1,65,both
Nutcracker March,Tchaikovsky,2,65,right
Nutcracker March,Tchaikovsky,2,65,left
Nutcracker March,Tchaikovsky,2,65,both
Nutcracker March,Tchaikovsky,3,65,right
Nutcracker March,Tchaikovsky,3,65,left
Nutcracker March,Tchaikovsky,3,65,both
Nutcracker March,Tchaikovsky,4,65,right
Nutcracker March,Tchaikovsky,4,65,left
Nutcracker March,Tchaikovsky,4,65,both
Nutcracker March,Tchaikovsky,5,65,right
Nutcracker March,Tchaikovsky,5,65,left
Nutcracker March,Tchaikovsky,5,65,both
Nutcracker March,Tchaikovsky,6,65,right
Nutcracker March,Tchaikovsky,6,65,left
Nutcracker March,Tchaikovsky,6,65,both
Nutcracker March,Tchaikovsky,7,65,right
Nutcracker March,Tchaikovsky,7,65,left
Nutcracker March,Tchaikovsky,7,65,both
Nutcracker March,Tchaikovsky,8,65,right
Nutcracker March,Tchaikovsky,8,65,left
Nutcracker March,Tchaikovsky,8,65,both
Nutcracker March,Tchaikovsky,9,65,right
Nutcracker March,Tchaikovsky,9,65,left
Nutcracker March,Tchaikovsky,9,65,both
Nutcracker March,Tchaikovsky,10,65,right
Nutcracker March,Tchaikovsky,10,65,left
Nutcracker March,Tchaikovsky,10,65,both
Nutcracker March,Tchaikovsky,11,65,right
Nutcracker March,Tchaikovsky,11,65,left
Nutcracker March,Tchaikovsky,11,65,both
Nutcracker March,Tchaikovsky,12,65,right
Nutcracker March,Tchaikovsky,12,65,left
Nutcracker March,Tchaikovsky,12,65,both
Nutcracker March,Tchaikovsky,13,65,right
Nutcracker March,Tchaikovsky,13,65,left
Nutcracker March,Tchaikovsky,13,65,both
Nutcracker March,Tchaikovsky,14,65,right
Nutcracker March,Tchaikovsky,14,65,left
Nutcracker March,Tchaikovsky,14,65,both
Nutcracker March,Tchaikovsky,15,65,right
Nutcracker March,Tchaikovsky,15,65,left
Nutcracker March,Tchaikovsky,15,65,both
Nutcracker March,Tchaikovsky,16,65,right
Nutcracker March,Tchaikovsky,16,65,left
Nutcracker March,Tchaikovsky,16,65,both
Nutcracker March,Tchaikovsky,1-2,65,right
Nutcracker March,Tchaikovsky,1-2,65,left
Nutcracker March,Tchaikovsky,1-2,65,both
Nutcracker March,Tchaikovsky,3-4,65,right
Nutcracker March,Tchaikovsky,3-4,65,left
Nutcracker March,Tchaikovsky,3-4,65,both
Nutcracker March,Tchaikovsky,5-6,65,right
Nutcracker March,Tchaikovsky,5-6,65,left
Nutcracker March,Tchaikovsky,5-6,65,both
Nutcracker March,Tchaikovsky,7-8,65,right
Nutcracker March,Tchaikovsky,7-8,65,left
Nutcracker March,Tchaikovsky,7-8,65,both
Nutcracker March,Tchaikovsky,9-10,65,right
Nutcracker March,Tchaikovsky,9-10,65,left
Nutcracker March,Tchaikovsky,9-10,65,both
Nutcracker March,Tchaikovsky,11-12,65,right
Nutcracker March,Tchaikovsky,11-12,65,left
Nutcracker March,Tchaikovsky,11-12,65,both
Nutcracker March,Tchaikovsky,13-14,65,right
Nutcracker March,Tchaikovsky,13-14,65,left
Nutcracker March,Tchaikovsky,13-14,65,both
Nutcracker March,Tchaikovsky,15-16,65,right
Nutcracker March,Tchaikovsky,15-16,65,left
Nutcracker March,Tchaikovsky,15-16,65,both
Nutcracker March,Tchaikovsky,1-4,65,right
Nutcracker March,Tchaikovsky,1-4,65,left
Nutcracker March,Tchaikovsky,1-4,65,both
Nutcracker March,Tchaikovsky,5-8,65,right
Nutcracker March,Tchaikovsky,5-8,65,left
Nutcracker March,Tchaikovsky,5-8,65,both
Nutcracker March,Tchaikovsky,9-12,65,right
Nutcracker March,Tchaikovsky,9-12,65,left
Nutcracker March,Tchaikovsky,9-12,65,both
Nutcracker March,Tchaikovsky,13-16,65,right
Nutcracker March,Tchaikovsky,13-16,65,left
Nutcracker March,Tchaikovsky,13-16,65,both
Nutcracker March,Tchaikovsky,1-8,65,right
Nutcracker March,Tchaikovsky,1-8,65,left
Nutcracker March,Tchaikovsky,1-8,65,both
Nutcracker March,Tchaikovsky,9-16,65,right
Nutcracker March,Tchaikovsky,9-16,65,left
Nutcracker March,Tchaikovsky,9-16,65,both
Nutcracker March,Tchaikovsky,1,70,right
Nutcracker March,Tchaikovsky,1,70,left
Nutcracker March,Tchaikovsky,1,70,both
Nutcracker March,Tchaikovsky,2,70,right
Nutcracker March,Tchaikovsky,2,70,left
Nutcracker March,Tchaikovsky,2,70,both
Nutcracker March,Tchaikovsky,3,70,right
Nutcracker March,Tchaikovsky,3,70,left
Nutcracker March,Tchaikovsky,3,70,both
Nutcracker March,Tchaikovsky,4,70,right
Nutcracker March,Tchaikovsky,4,70,left
Nutcracker March,Tchaikovsky,4,70,both
Nutcracker March,Tchaikovsky,5,70,right
Nutcracker March,Tchaikovsky,5,70,left
Nutcracker March,Tchaikovsky,5,70,both
Nutcracker March,Tchaikovsky,6,70,right
Nutcracker March,Tchaikovsky,6,70,left
Nutcracker March,Tchaikovsky,6,70,both
Nutcracker March,Tchaikovsky,7,70,right
Nutcracker March,Tchaikovsky,7,70,left
Nutcracker March,Tchaikovsky,7,70,both
Nutcracker March,Tchaikovsky,8,70,right
Nutcracker March,Tchaikovsky,8,70,left
Nutcracker March,Tchaikovsky,8,70,both
Nutcracker March,Tchaikovsky,9,70,right
Nutcracker March,Tchaikovsky,9,70,left
Nutcracker March,Tchaikovsky,9,70,both
Nutcracker March,Tchaikovsky,10,70,right
Nutcracker March,Tchaikovsky,10,70,left
Nutcracker March,Tchaikovsky,10,70,both
Nutcracker March,Tchaikovsky,11,70,right
Nutcracker March,Tchaikovsky,11,70,left
Nutcracker March,Tchaikovsky,11,70,both
Nutcracker March,Tchaikovsky,12,70,right
Nutcracker March,Tchaikovsky,12,70,left
Nutcracker March,Tchaikovsky,12,70,both
Nutcracker March,Tchaikovsky,13,70,right
Nutcracker March,Tchaikovsky,13,70,left
Nutcracker March,Tchaikovsky,13,70,both
Nutcracker March,Tchaikovsky,14,70,right
Nutcracker March,Tchaikovsky,14,70,left
Nutcracker March,Tchaikovsky,14,70,both
Nutcracker March,Tchaikovsky,15,70,right
Nutcracker March,Tchaikovsky,15,70,left
Nutcracker March,Tchaikovsky,15,70,both
Nutcracker March,Tchaikovsky,16,70,right
Nutcracker March,Tchaikovsky,16,70,left
Nutcracker March,Tchaikovsky,16,70,both
Nutcracker March,Tchaikovsky,1-2,70,right
Nutcracker March,Tchaikovsky,1-2,70,left
Nutcracker March,Tchaikovsky,1-2,70,both
Nutcracker March,Tchaikovsky,3-4,70,right
Nutcracker March,Tchaikovsky,3-4,70,left
Nutcracker March,Tchaikovsky,3-4,70,both
Nutcracker March,Tchaikovsky,5-6,70,right
Nutcracker March,Tchaikovsky,5-6,70,left
Nutcracker March,Tchaikovsky,5-6,70,both
Nutcracker March,Tchaikovsky,7-8,70,right
Nutcracker March,Tchaikovsky,7-8,70,left
Nutcracker March,Tchaikovsky,7-8,70,both
Nutcracker March,Tchaikovsky,9-10,70,right
Nutcracker March,Tchaikovsky,9-10,70,left
Nutcracker March,Tchaikovsky,9-10,70,both
Nutcracker March,Tchaikovsky,11-12,70,right
Nutcracker March,Tchaikovsky,11-12,70,left
Nutcracker March,Tchaikovsky,11-12,70,both
Nutcracker March,Tchaikovsky,13-14,70,right
Nutcracker March,Tchaikovsky,13-14,70,left
Nutcracker March,Tchaikovsky,13-14,70,both
Nutcracker March,Tchaikovsky,15-16,70,right
Nutcracker March,Tchaikovsky,15-16,70,left
Nutcracker March,Tchaikovsky,15-16,70,both
Nutcracker March,Tchaikovsky,1-4,70,right
Nutcracker March,Tchaikovsky,1-4,70,left
Nutcracker March,Tchaikovsky,1-4,70,both
Nutcracker March,Tchaikovsky,5-8,70,right
Nutcracker March,Tchaikovsky,5-8,70,left
Nutcracker March,Tchaikovsky,5-8,70,both
Nutcracker March,Tchaikovsky,9-12,70,right
Nutcracker March,Tchaikovsky,9-12,70,left
Nutcracker March,Tchaikovsky,9-12,70,both
Nutcracker March,Tchaikovsky,13-16,70,right
Nutcracker March,Tchaikovsky,13-16,70,left
Nutcracker March,Tchaikovsky,13-16,70,both
Nutcracker March,Tchaikovsky,1-8,70,right
Nutcracker March,Tchaikovsky,1-8,70,left
Nutcracker March,Tchaikovsky,1-8,70,both
Nutcracker March,Tchaikovsky,9-16,70,right
Nutcracker March,Tchaikovsky,9-16,70,left
Nutcracker March,Tchaikovsky,9-16,70,both
Nutcracker March,Tchaikovsky,1,75,right
Nutcracker March,Tchaikovsky,1,75,left
Nutcracker March,Tchaikovsky,1,75,both
Nutcracker March,Tchaikovsky,2,75,right
Nutcracker March,Tchaikovsky,2,75,left
Nutcracker March,Tchaikovsky,2,75,both
Nutcracker March,Tchaikovsky,3,75,right
Nutcracker March,Tchaikovsky,3,75,left
Nutcracker March,Tchaikovsky,3,75,both
Nutcracker March,Tchaikovsky,4,75,right
Nutcracker March,Tchaikovsky,4,75,left
Nutcracker March,Tchaikovsky,4,75,both
Nutcracker March,Tchaikovsky,5,75,right
Nutcracker March,Tchaikovsky,5,75,left
Nutcracker March,Tchaikovsky,5,75,both
Nutcracker March,Tchaikovsky,6,75,right
Nutcracker March,Tchaikovsky,6,75,left
Nutcracker March,Tchaikovsky,6,75,both
Nutcracker March,Tchaikovsky,7,75,right
Nutcracker March,Tchaikovsky,7,75,left
Nutcracker March,Tchaikovsky,7,75,both
Nutcracker March,Tchaikovsky,8,75,right
Nutcracker March,Tchaikovsky,8,75,left
Nutcracker March,Tchaikovsky,8,75,both
Nutcracker March,Tchaikovsky,9,75,right
Nutcracker March,Tchaikovsky,9,75,left
Nutcracker March,Tchaikovsky,9,75,both
Nutcracker March,Tchaikovsky,10,75,right
Nutcracker March,Tchaikovsky,10,75,left
Nutcracker March,Tchaikovsky,10,75,both
Nutcracker March,Tchaikovsky,11,75,right
Nutcracker March,Tchaikovsky,11,75,left
Nutcracker March,Tchaikovsky,11,75,both
Nutcracker March,Tchaikovsky,12,75,right
Nutcracker March,Tchaikovsky,12,75,left
Nutcracker March,Tchaikovsky,12,75,both
Nutcracker March,Tchaikovsky,13,75,right
Nutcracker March,Tchaikovsky,13,75,left
Nutcracker March,Tchaikovsky,13,75,both
Nutcracker March,Tchaikovsky,14,75,right
Nutcracker March,Tchaikovsky,14,75,left
Nutcracker March,Tchaikovsky,14,75,both
Nutcracker March,Tchaikovsky,15,75,right
Nutcracker March,Tchaikovsky,15,75,left
Nutcracker March,Tchaikovsky,15,75,both
Nutcracker March,Tchaikovsky,16,75,right
Nutcracker March,Tchaikovsky,16,75,left
Nutcracker March,Tchaikovsky,16,75,both
Nutcracker March,Tchaikovsky,1-2,75,right
Nutcracker March,Tchaikovsky,1-2,75,left
Nutcracker March,Tchaikovsky,1-2,75,both
Nutcracker March,Tchaikovsky,3-4,75,right
Nutcracker March,Tchaikovsky,3-4,75,left
Nutcracker March,Tchaikovsky,3-4,75,both
Nutcracker March,Tchaikovsky,5-6,75,right
Nutcracker March,Tchaikovsky,5-6,75,left
Nutcracker March,Tchaikovsky,5-6,75,both
Nutcracker March,Tchaikovsky,7-8,75,right
Nutcracker March,Tchaikovsky,7-8,75,left
Nutcracker March,Tchaikovsky,7-8,75,both
Nutcracker March,Tchaikovsky,9-10,75,right
Nutcracker March,Tchaikovsky,9-10,75,left
Nutcracker March,Tchaikovsky,9-10,75,both
Nutcracker March,Tchaikovsky,11-12,75,right
Nutcracker March,Tchaikovsky,11-12,75,left
Nutcracker March,Tchaikovsky,11-12,75,both
Nutcracker March,Tchaikovsky,13-14,75,right
Nutcracker March,Tchaikovsky,13-14,75,left
Nutcracker March,Tchaikovsky,13-14,75,both
Nutcracker March,Tchaikovsky,15-16,75,right
Nutcracker March,Tchaikovsky,15-16,75,left
Nutcracker March,Tchaikovsky,15-16,75,both
Nutcracker March,Tchaikovsky,1-4,75,right
Nutcracker March,Tchaikovsky,1-4,75,left
Nutcracker March,Tchaikovsky,1-4,75,both
Nutcracker March,Tchaikovsky,5-8,75,right
Nutcracker March,Tchaikovsky,5-8,75,left
Nutcracker March,Tchaikovsky,5-8,75,both
Nutcracker March,Tchaikovsky,9-12,75,right
Nutcracker March,Tchaikovsky,9-12,75,left
Nutcracker March,Tchaikovsky,9-12,75,both
Nutcracker March,Tchaikovsky,13-16,75,right
Nutcracker March,Tchaikovsky,13-16,75,left
Nutcracker March,Tchaikovsky,13-16,75,both
Nutcracker March,Tchaikovsky,1-8,75,right
Nutcracker March,Tchaikovsky,1-8,75,left
Nutcracker March,Tchaikovsky,1-8,75,both
Nutcracker March,Tchaikovsky,9-16,75,right
Nutcracker March,Tchaikovsky,9-16,75,left
Nutcracker March,Tchaikovsky,9-16,75,both
Nutcracker March,Tchaikovsky,1,80,right
Nutcracker March,Tchaikovsky,1,80,left
Nutcracker March,Tchaikovsky,1,80,both
Nutcracker March,Tchaikovsky,2,80,right
Nutcracker March,Tchaikovsky,2,80,left
Nutcracker March,Tchaikovsky,2,80,both
Nutcracker March,Tchaikovsky,3,80,right
Nutcracker March,Tchaikovsky,3,80,left
Nutcracker March,Tchaikovsky,3,80,both
Nutcracker March,Tchaikovsky,4,80,right
Nutcracker March,Tchaikovsky,4,80,left
Nutcracker March,Tchaikovsky,4,80,both
Nutcracker March,Tchaikovsky,5,80,right
Nutcracker March,Tchaikovsky,5,80,left
Nutcracker March,Tchaikovsky,5,80,both
Nutcracker March,Tchaikovsky,6,80,right
Nutcracker March,Tchaikovsky,6,80,left
Nutcracker March,Tchaikovsky,6,80,both
Nutcracker March,Tchaikovsky,7,80,right
Nutcracker March,Tchaikovsky,7,80,left
Nutcracker March,Tchaikovsky,7,80,both
Nutcracker March,Tchaikovsky,8,80,right
Nutcracker March,Tchaikovsky,8,80,left
Nutcracker March,Tchaikovsky,8,80,both
Nutcracker March,Tchaikovsky,9,80,right
Nutcracker March,Tchaikovsky,9,80,left
Nutcracker March,Tchaikovsky,9,80,both
Nutcracker March,Tchaikovsky,10,80,right
Nutcracker March,Tchaikovsky,10,80,left
Nutcracker March,Tchaikovsky,10,80,both
Nutcracker March,Tchaikovsky,11,80,right
Nutcracker March,Tchaikovsky,11,80,left
Nutcracker March,Tchaikovsky,11,80,both
Nutcracker March,Tchaikovsky,12,80,right
Nutcracker March,Tchaikovsky,12,80,left
Nutcracker March,Tchaikovsky,12,80,both
Nutcracker March,Tchaikovsky,13,80,right
Nutcracker March,Tchaikovsky,13,80,left
Nutcracker March,Tchaikovsky,13,80,both
Nutcracker March,Tchaikovsky,14,80,right
Nutcracker March,Tchaikovsky,14,80,left
Nutcracker March,Tchaikovsky,14,80,both
Nutcracker March,Tchaikovsky,15,80,right
Nutcracker March,Tchaikovsky,15,80,left
Nutcracker March,Tchaikovsky,15,80,both
Nutcracker March,Tchaikovsky,16,80,right
Nutcracker March,Tchaikovsky,16,80,left
Nutcracker March,Tchaikovsky,16,80,both
Nutcracker March,Tchaikovsky,1-2,80,right
Nutcracker March,Tchaikovsky,1-2,80,left
Nutcracker March,Tchaikovsky,1-2,80,both
Nutcracker March,Tchaikovsky,3-4,80,right
Nutcracker March,Tchaikovsky,3-4,80,left
Nutcracker March,Tchaikovsky,3-4,80,both
Nutcracker March,Tchaikovsky,5-6,80,right
Nutcracker March,Tchaikovsky,5-6,80,left
Nutcracker March,Tchaikovsky,5-6,80,both
Nutcracker March,Tchaikovsky,7-8,80,right
Nutcracker March,Tchaikovsky,7-8,80,left
Nutcracker March,Tchaikovsky,7-8,80,both
Nutcracker March,Tchaikovsky,9-10,80,right
Nutcracker March,Tchaikovsky,9-10,80,left
Nutcracker March,Tchaikovsky,9-10,80,both
Nutcracker March,Tchaikovsky,11-12,80,right
Nutcracker March,Tchaikovsky,11-12,80,left
Nutcracker March,Tchaikovsky,11-12,80,both
Nutcracker March,Tchaikovsky,13-14,80,right
Nutcracker March,Tchaikovsky,13-14,80,left
Nutcracker March,Tchaikovsky,13-14,80,both
Nutcracker March,Tchaikovsky,15-16,80,right
Nutcracker March,Tchaikovsky,15-16,80,left
Nutcracker March,Tchaikovsky,15-16,80,both
Nutcracker March,Tchaikovsky,1-4,80,right
Nutcracker March,Tchaikovsky,1-4,80,left
Nutcracker March,Tchaikovsky,1-4,80,both
Nutcracker March,Tchaikovsky,5-8,80,right
Nutcracker March,Tchaikovsky,5-8,80,left
Nutcracker March,Tchaikovsky,5-8,80,both
Nutcracker March,Tchaikovsky,9-12,80,right
Nutcracker March,Tchaikovsky,9-12,80,left
Nutcracker March,Tchaikovsky,9-12,80,both
Nutcracker March,Tchaikovsky,13-16,80,right
Nutcracker March,Tchaikovsky,13-16,80,left
Nutcracker March,Tchaikovsky,13-16,80,both
Nutcracker March,Tchaikovsky,1-8,80,right
Nutcracker March,Tchaikovsky,1-8,80,left
Nutcracker March,Tchaikovsky,1-8,80,both
Nutcracker March,Tchaikovsky,9-16,80,right
Nutcracker March,Tchaikovsky,9-16,80,left
Nutcracker March,Tchaikovsky,9-16,80,both
Nutcracker March,Tchaikovsky,1,85,right
Nutcracker March,Tchaikovsky,1,85,left
Nutcracker March,Tchaikovsky,1,85,both
Nutcracker March,Tchaikovsky,2,85,right
Nutcracker March,Tchaikovsky,2,85,left
Nutcracker March,Tchaikovsky,2,85,both
Nutcracker March,Tchaikovsky,3,85,right
Nutcracker March,Tchaikovsky,3,85,left
Nutcracker March,Tchaikovsky,3,85,both
Nutcracker March,Tchaikovsky,4,85,right
Nutcracker March,Tchaikovsky,4,85,left
Nutcracker March,Tchaikovsky,4,85,both
Nutcracker March,Tchaikovsky,5,85,right
Nutcracker March,Tchaikovsky,5,85,left
Nutcracker March,Tchaikovsky,5,85,both
Nutcracker March,Tchaikovsky,6,85,right
Nutcracker March,Tchaikovsky,6,85,left
Nutcracker March,Tchaikovsky,6,85,both
Nutcracker March,Tchaikovsky,7,85,right
Nutcracker March,Tchaikovsky,7,85,left
Nutcracker March,Tchaikovsky,7,85,both
Nutcracker March,Tchaikovsky,8,85,right
Nutcracker March,Tchaikovsky,8,85,left
Nutcracker March,Tchaikovsky,8,85,both
Nutcracker March,Tchaikovsky,9,85,right
Nutcracker March,Tchaikovsky,9,85,left
Nutcracker March,Tchaikovsky,9,85,both
Nutcracker March,Tchaikovsky,10,85,right
Nutcracker March,Tchaikovsky,10,85,left
Nutcracker March,Tchaikovsky,10,85,both
Nutcracker March,Tchaikovsky,11,85,right
Nutcracker March,Tchaikovsky,11,85,left
Nutcracker March,Tchaikovsky,11,85,both
Nutcracker March,Tchaikovsky,12,85,right
Nutcracker March,Tchaikovsky,12,85,left
Nutcracker March,Tchaikovsky,12,85,both
Nutcracker March,Tchaikovsky,13,85,right
Nutcracker March,Tchaikovsky,13,85,left
Nutcracker March,Tchaikovsky,13,85,both
Nutcracker March,Tchaikovsky,14,85,right
Nutcracker March,Tchaikovsky,14,85,left
Nutcracker March,Tchaikovsky,14,85,both
Nutcracker March,Tchaikovsky,15,85,right
Nutcracker March,Tchaikovsky,15,85,left
Nutcracker March,Tchaikovsky,15,85,both
Nutcracker March,Tchaikovsky,16,85,right
Nutcracker March,Tchaikovsky,16,85,left
Nutcracker March,Tchaikovsky,16,85,both
Nutcracker March,Tchaikovsky,1-2,85,right
Nutcracker March,Tchaikovsky,1-2,85,left
Nutcracker March,Tchaikovsky,1-2,85,both
Nutcracker March,Tchaikovsky,3-4,85,right
Nutcracker March,Tchaikovsky,3-4,85,left
Nutcracker March,Tchaikovsky,3-4,85,both
Nutcracker March,Tchaikovsky,5-6,85,right
Nutcracker March,Tchaikovsky,5-6,85,left
Nutcracker March,Tchaikovsky,5-6,85,both
Nutcracker March,Tchaikovsky,7-8,85,right
Nutcracker March,Tchaikovsky,7-8,85,left
Nutcracker March,Tchaikovsky,7-8,85,both
Nutcracker March,Tchaikovsky,9-10,85,right
Nutcracker March,Tchaikovsky,9-10,85,left
Nutcracker March,Tchaikovsky,9-10,85,both
Nutcracker March,Tchaikovsky,11-12,85,right
Nutcracker March,Tchaikovsky,11-12,85,left
Nutcracker March,Tchaikovsky,11-12,85,both
Nutcracker March,Tchaikovsky,13-14,85,right
Nutcracker March,Tchaikovsky,13-14,85,left
Nutcracker March,Tchaikovsky,13-14,85,both
Nutcracker March,Tchaikovsky,15-16,85,right
Nutcracker March,Tchaikovsky,15-16,85,left
Nutcracker March,Tchaikovsky,15-16,85,both
Nutcracker March,Tchaikovsky,1-4,85,right
Nutcracker March,Tchaikovsky,1-4,85,left
Nutcracker March,Tchaikovsky,1-4,85,both
Nutcracker March,Tchaikovsky,5-8,85,right
Nutcracker March,Tchaikovsky,5-8,85,left
Nutcracker March,Tchaikovsky,5-8,85,both
Nutcracker March,Tchaikovsky,9-12,85,right
Nutcracker March,Tchaikovsky,9-12,85,left
Nutcracker March,Tchaikovsky,9-12,85,both
Nutcracker March,Tchaikovsky,13-16,85,right
Nutcracker March,Tchaikovsky,13-16,85,left
Nutcracker March,Tchaikovsky,13-16,85,both
Nutcracker March,Tchaikovsky,1-8,85,right
Nutcracker March,Tchaikovsky,1-8,85,left
Nutcracker March,Tchaikovsky,1-8,85,both
Nutcracker March,Tchaikovsky,9-16,85,right
Nutcracker March,Tchaikovsky,9-16,85,left
Nutcracker March,Tchaikovsky,9-16,85,both
Nutcracker March,Tchaikovsky,1,90,right
Nutcracker March,Tchaikovsky,1,90,left
Nutcracker March,Tchaikovsky,1,90,both
Nutcracker March,Tchaikovsky,2,90,right
Nutcracker March,Tchaikovsky,2,90,left
Nutcracker March,Tchaikovsky,2,90,both
Nutcracker March,Tchaikovsky,3,90,right
Nutcracker March,Tchaikovsky,3,90,left
Nutcracker March,Tchaikovsky,3,90,both
Nutcracker March,Tchaikovsky,4,90,right
Nutcracker March,Tchaikovsky,4,90,left
Nutcracker March,Tchaikovsky,4,90,both
Nutcracker March,Tchaikovsky,5,90,right
Nutcracker March,Tchaikovsky,5,90,left
Nutcracker March,Tchaikovsky,5,90,both
Nutcracker March,Tchaikovsky,6,90,right
Nutcracker March,Tchaikovsky,6,90,left
Nutcracker March,Tchaikovsky,6,90,both
Nutcracker March,Tchaikovsky,7,90,right
Nutcracker March,Tchaikovsky,7,90,left
Nutcracker March,Tchaikovsky,7,90,both
Nutcracker March,Tchaikovsky,8,90,right
Nutcracker March,Tchaikovsky,8,90,left
Nutcracker March,Tchaikovsky,8,90,both
Nutcracker March,Tchaikovsky,9,90,right
Nutcracker March,Tchaikovsky,9,90,left
Nutcracker March,Tchaikovsky,9,90,both
Nutcracker March,Tchaikovsky,10,90,right
Nutcracker March,Tchaikovsky,10,90,left
Nutcracker March,Tchaikovsky,10,90,both
Nutcracker March,Tchaikovsky,11,90,right
Nutcracker March,Tchaikovsky,11,90,left
Nutcracker March,Tchaikovsky,11,90,both
Nutcracker March,Tchaikovsky,12,90,right
Nutcracker March,Tchaikovsky,12,90,left
Nutcracker March,Tchaikovsky,12,90,both
Nutcracker March,Tchaikovsky,13,90,right
Nutcracker March,Tchaikovsky,13,90,left
Nutcracker March,Tchaikovsky,13,90,both
Nutcracker March,Tchaikovsky,14,90,right
Nutcracker March,Tchaikovsky,14,90,left
Nutcracker March,Tchaikovsky,14,90,both
Nutcracker March,Tchaikovsky,15,90,right
Nutcracker March,Tchaikovsky,15,90,left
Nutcracker March,Tchaikovsky,15,90,both
Nutcracker March,Tchaikovsky,16,90,right
Nutcracker March,Tchaikovsky,16,90,left
Nutcracker March,Tchaikovsky,16,90,both
Nutcracker March,Tchaikovsky,1-2,90,right
Nutcracker March,Tchaikovsky,1-2,90,left
Nutcracker March,Tchaikovsky,1-2,90,both
Nutcracker March,Tchaikovsky,3-4,90,right
Nutcracker March,Tchaikovsky,3-4,90,left
Nutcracker March,Tchaikovsky,3-4,90,both
Nutcracker March,Tchaikovsky,5-6,90,right
Nutcracker March,Tchaikovsky,5-6,90,left
Nutcracker March,Tchaikovsky,5-6,90,both
Nutcracker March,Tchaikovsky,7-8,90,right
Nutcracker March,Tchaikovsky,7-8,90,left
Nutcracker March,Tchaikovsky,7-8,90,both
Nutcracker March,Tchaikovsky,9-10,90,right
Nutcracker March,Tchaikovsky,9-10,90,left
Nutcracker March,Tchaikovsky,9-10,90,both
Nutcracker March,Tchaikovsky,11-12,90,right
Nutcracker March,Tchaikovsky,11-12,90,left
Nutcracker March,Tchaikovsky,11-12,90,both
Nutcracker March,Tchaikovsky,13-14,90,right
Nutcracker March,Tchaikovsky,13-14,90,left
Nutcracker March,Tchaikovsky,13-14,90,both
Nutcracker March,Tchaikovsky,15-16,90,right
Nutcracker March,Tchaikovsky,15-16,90,left
Nutcracker March,Tchaikovsky,15-16,90,both
Nutcracker March,Tchaikovsky,1-4,90,right
Nutcracker March,Tchaikovsky,1-4,90,left
Nutcracker March,Tchaikovsky,1-4,90,both
Nutcracker March,Tchaikovsky,5-8,90,right
Nutcracker March,Tchaikovsky,5-8,90,left
Nutcracker March,Tchaikovsky,5-8,90,both
Nutcracker March,Tchaikovsky,9-12,90,right
Nutcracker March,Tchaikovsky,9-12,90,left
Nutcracker March,Tchaikovsky,9-12,90,both
Nutcracker March,Tchaikovsky,13-16,90,right
Nutcracker March,Tchaikovsky,13-16,90,left
Nutcracker March,Tchaikovsky,13-16,90,both
Nutcracker March,Tchaikovsky,1-8,90,right
Nutcracker March,Tchaikovsky,1-8,90,left
Nutcracker March,Tchaikovsky,1-8,90,both
Nutcracker March,Tchaikovsky,9-16,90,right
Nutcracker March,Tchaikovsky,9-16,90,left
Nutcracker March,Tchaikovsky,9-16,90,both
Nutcracker March,Tchaikovsky,1,95,right
Nutcracker March,Tchaikovsky,1,95,left
Nutcracker March,Tchaikovsky,1,95,both
Nutcracker March,Tchaikovsky,2,95,right
Nutcracker March,Tchaikovsky,2,95,left
Nutcracker March,Tchaikovsky,2,95,both
Nutcracker March,Tchaikovsky,3,95,right
Nutcracker March,Tchaikovsky,3,95,left
Nutcracker March,Tchaikovsky,3,95,both
Nutcracker March,Tchaikovsky,4,95,right
Nutcracker March,Tchaikovsky,4,95,left
Nutcracker March,Tchaikovsky,4,95,both
Nutcracker March,Tchaikovsky,5,95,right
Nutcracker March,Tchaikovsky,5,95,left
Nutcracker March,Tchaikovsky,5,95,both
Nutcracker March,Tchaikovsky,6,95,right
Nutcracker March,Tchaikovsky,6,95,left
Nutcracker March,Tchaikovsky,6,95,both
Nutcracker March,Tchaikovsky,7,95,right
Nutcracker March,Tchaikovsky,7,95,left
Nutcracker March,Tchaikovsky,7,95,both
Nutcracker March,Tchaikovsky,8,95,right
Nutcracker March,Tchaikovsky,8,95,left
Nutcracker March,Tchaikovsky,8,95,both
Nutcracker March,Tchaikovsky,9,95,right
Nutcracker March,Tchaikovsky,9,95,left
Nutcracker March,Tchaikovsky,9,95,both
Nutcracker March,Tchaikovsky,10,95,right
Nutcracker March,Tchaikovsky,10,95,left
Nutcracker March,Tchaikovsky,10,95,both
Nutcracker March,Tchaikovsky,11,95,right
Nutcracker March,Tchaikovsky,11,95,left
Nutcracker March,Tchaikovsky,11,95,both
Nutcracker March,Tchaikovsky,12,95,right
Nutcracker March,Tchaikovsky,12,95,left
Nutcracker March,Tchaikovsky,12,95,both
Nutcracker March,Tchaikovsky,13,95,right
Nutcracker March,Tchaikovsky,13,95,left
Nutcracker March,Tchaikovsky,13,95,both
Nutcracker March,Tchaikovsky,14,95,right
Nutcracker March,Tchaikovsky,14,95,left
Nutcracker March,Tchaikovsky,14,95,both
Nutcracker March,Tchaikovsky,15,95,right
Nutcracker March,Tchaikovsky,15,95,left
Nutcracker March,Tchaikovsky,15,95,both
Nutcracker March,Tchaikovsky,16,95,right
Nutcracker March,Tchaikovsky,16,95,left
Nutcracker March,Tchaikovsky,16,95,both
Nutcracker March,Tchaikovsky,1-2,95,right
Nutcracker March,Tchaikovsky,1-2,95,left
Nutcracker March,Tchaikovsky,1-2,95,both
Nutcracker March,Tchaikovsky,3-4,95,right
Nutcracker March,Tchaikovsky,3-4,95,left
Nutcracker March,Tchaikovsky,3-4,95,both
Nutcracker March,Tchaikovsky,5-6,95,right
Nutcracker March,Tchaikovsky,5-6,95,left
Nutcracker March,Tchaikovsky,5-6,95,both
Nutcracker March,Tchaikovsky,7-8,95,right
Nutcracker March,Tchaikovsky,7-8,95,left
Nutcracker March,Tchaikovsky,7-8,95,both
Nutcracker March,Tchaikovsky,9-10,95,right
Nutcracker March,Tchaikovsky,9-10,95,left
Nutcracker March,Tchaikovsky,9-10,95,both
Nutcracker March,Tchaikovsky,11-12,95,right
Nutcracker March,Tchaikovsky,11-12,95,left
Nutcracker March,Tchaikovsky,11-12,95,both
Nutcracker March,Tchaikovsky,13-14,95,right
Nutcracker March,Tchaikovsky,13-14,95,left
Nutcracker March,Tchaikovsky,13-14,95,both
Nutcracker March,Tchaikovsky,15-16,95,right
Nutcracker March,Tchaikovsky,15-16,95,left
Nutcracker March,Tchaikovsky,15-16,95,both
Nutcracker March,Tchaikovsky,1-4,95,right
Nutcracker March,Tchaikovsky,1-4,95,left
Nutcracker March,Tchaikovsky,1-4,95,both
Nutcracker March,Tchaikovsky,5-8,95,right
Nutcracker March,Tchaikovsky,5-8,95,left
Nutcracker March,Tchaikovsky,5-8,95,both
Nutcracker March,Tchaikovsky,9-12,95,right
Nutcracker March,Tchaikovsky,9-12,95,left
Nutcracker March,Tchaikovsky,9-12,95,both
Nutcracker March,Tchaikovsky,13-16,95,right
Nutcracker March,Tchaikovsky,13-16,95,left
Nutcracker March,Tchaikovsky,13-16,95,both
Nutcracker March,Tchaikovsky,1-8,95,right
Nutcracker March,Tchaikovsky,1-8,95,left
Nutcracker March,Tchaikovsky,1-8,95,both
Nutcracker March,Tchaikovsky,9-16,95,right
Nutcracker March,Tchaikovsky,9-16,95,left
Nutcracker March,Tchaikovsky,9-16,95,both
Nutcracker March,Tchaikovsky,1,100,right
Nutcracker March,Tchaikovsky,1,100,left
Nutcracker March,Tchaikovsky,1,100,both
Nutcracker March,Tchaikovsky,2,100,right
Nutcracker March,Tchaikovsky,2,100,left
Nutcracker March,Tchaikovsky,2,100,both
Nutcracker March,Tchaikovsky,3,100,right
Nutcracker March,Tchaikovsky,3,100,left
Nutcracker March,Tchaikovsky,3,100,both
Nutcracker March,Tchaikovsky,4,100,right
Nutcracker March,Tchaikovsky,4,100,left
Nutcracker March,Tchaikovsky,4,100,both
Nutcracker March,Tchaikovsky,5,100,right
Nutcracker March,Tchaikovsky,5,100,left
Nutcracker March,Tchaikovsky,5,100,both
Nutcracker March,Tchaikovsky,6,100,right
Nutcracker March,Tchaikovsky,6,100,left
Nutcracker March,Tchaikovsky,6,100,both
Nutcracker March,Tchaikovsky,7,100,right
Nutcracker March,Tchaikovsky,7,100,left
Nutcracker March,Tchaikovsky,7,100,both
Nutcracker March,Tchaikovsky,8,100,right
Nutcracker March,Tchaikovsky,8,100,left
Nutcracker March,Tchaikovsky,8,100,both
Nutcracker March,Tchaikovsky,9,100,right
Nutcracker March,Tchaikovsky,9,100,left
Nutcracker March,Tchaikovsky,9,100,both
Nutcracker March,Tchaikovsky,10,100,right
Nutcracker March,Tchaikovsky,10,100,left
Nutcracker March,Tchaikovsky,10,100,both
Nutcracker March,Tchaikovsky,11,100,right
Nutcracker March,Tchaikovsky,11,100,left
Nutcracker March,Tchaikovsky,11,100,both
Nutcracker March,Tchaikovsky,12,100,right
Nutcracker March,Tchaikovsky,12,100,left
Nutcracker March,Tchaikovsky,12,100,both
Nutcracker March,Tchaikovsky,13,100,right
Nutcracker March,Tchaikovsky,13,100,left
Nutcracker March,Tchaikovsky,13,100,both
Nutcracker March,Tchaikovsky,14,100,right
Nutcracker March,Tchaikovsky,14,100,left
Nutcracker March,Tchaikovsky,14,100,both
Nutcracker March,Tchaikovsky,15,100,right
Nutcracker March,Tchaikovsky,15,100,left
Nutcracker March,Tchaikovsky,15,100,both
Nutcracker March,Tchaikovsky,16,100,right
Nutcracker March,Tchaikovsky,16,100,left
Nutcracker March,Tchaikovsky,16,100,both
Nutcracker March,Tchaikovsky,1-2,100,right
Nutcracker March,Tchaikovsky,1-2,100,left
Nutcracker March,Tchaikovsky,1-2,100,both
Nutcracker March,Tchaikovsky,3-4,100,right
Nutcracker March,Tchaikovsky,3-4,100,left
Nutcracker March,Tchaikovsky,3-4,100,both
Nutcracker March,Tchaikovsky,5-6,100,right
Nutcracker March,Tchaikovsky,5-6,100,left
Nutcracker March,Tchaikovsky,5-6,100,both
Nutcracker March,Tchaikovsky,7-8,100,right
Nutcracker March,Tchaikovsky,7-8,100,left
Nutcracker March,Tchaikovsky,7-8,100,both
Nutcracker March,Tchaikovsky,9-10,100,right
Nutcracker March,Tchaikovsky,9-10,100,left
Nutcracker March,Tchaikovsky,9-10,100,both
Nutcracker March,Tchaikovsky,11-12,100,right
Nutcracker March,Tchaikovsky,11-12,100,left
Nutcracker March,Tchaikovsky,11-12,100,both
Nutcracker March,Tchaikovsky,13-14,100,right
Nutcracker March,Tchaikovsky,13-14,100,left
Nutcracker March,Tchaikovsky,13-14,100,both
Nutcracker March,Tchaikovsky,15-16,100,right
Nutcracker March,Tchaikovsky,15-16,100,left
Nutcracker March,Tchaikovsky,15-16,100,both
Nutcracker March,Tchaikovsky,1-4,100,right
Nutcracker March,Tchaikovsky,1-4,100,left
Nutcracker March,Tchaikovsky,1-4,100,both
Nutcracker March,Tchaikovsky,5-8,100,right
Nutcracker March,Tchaikovsky,5-8,100,left
Nutcracker March,Tchaikovsky,5-8,100,both
Nutcracker March,Tchaikovsky,9-12,100,right
Nutcracker March,Tchaikovsky,9-12,100,left
Nutcracker March,Tchaikovsky,9-12,100,both
Nutcracker March,Tchaikovsky,13-16,100,right
Nutcracker March,Tchaikovsky,13-16,100,left
Nutcracker March,Tchaikovsky,13-16,100,both
Nutcracker March,Tchaikovsky,1-8,100,right
Nutcracker March,Tchaikovsky,1-8,100,left
Nutcracker March,Tchaikovsky,1-8,100,both
Nutcracker March,Tchaikovsky,9-16,100,right
Nutcracker March,Tchaikovsky,9-16,100,left
Nutcracker March,Tchaikovsky,9-16,100,both
Nutcracker March,Tchaikovsky,1,105,right
Nutcracker March,Tchaikovsky,1,105,left
Nutcracker March,Tchaikovsky,1,105,both
Nutcracker March,Tchaikovsky,2,105,right
Nutcracker March,Tchaikovsky,2,105,left
Nutcracker March,Tchaikovsky,2,105,both
Nutcracker March,Tchaikovsky,3,105,right
Nutcracker March,Tchaikovsky,3,105,left
Nutcracker March,Tchaikovsky,3,105,both
Nutcracker March,Tchaikovsky,4,105,right
Nutcracker March,Tchaikovsky,4,105,left
Nutcracker March,Tchaikovsky,4,105,both
Nutcracker March,Tchaikovsky,5,105,right
Nutcracker March,Tchaikovsky,5,105,left
Nutcracker March,Tchaikovsky,5,105,both
Nutcracker March,Tchaikovsky,6,105,right
Nutcracker March,Tchaikovsky,6,105,left
Nutcracker March,Tchaikovsky,6,105,both
Nutcracker March,Tchaikovsky,7,105,right
Nutcracker March,Tchaikovsky,7,105,left
Nutcracker March,Tchaikovsky,7,105,both
Nutcracker March,Tchaikovsky,8,105,right
Nutcracker March,Tchaikovsky,8,105,left
Nutcracker March,Tchaikovsky,8,105,both
Nutcracker March,Tchaikovsky,9,105,right
Nutcracker March,Tchaikovsky,9,105,left
Nutcracker March,Tchaikovsky,9,105,both
Nutcracker March,Tchaikovsky,10,105,right
Nutcracker March,Tchaikovsky,10,105,left
Nutcracker March,Tchaikovsky,10,105,both
Nutcracker March,Tchaikovsky,11,105,right
Nutcracker March,Tchaikovsky,11,105,left
Nutcracker March,Tchaikovsky,11,105,both
Nutcracker March,Tchaikovsky,12,105,right
Nutcracker March,Tchaikovsky,12,105,left
Nutcracker March,Tchaikovsky,12,105,both
Nutcracker March,Tchaikovsky,13,105,right
Nutcracker March,Tchaikovsky,13,105,left
Nutcracker March,Tchaikovsky,13,105,both
Nutcracker March,Tchaikovsky,14,105,right
Nutcracker March,Tchaikovsky,14,105,left
Nutcracker March,Tchaikovsky,14,105,both
Nutcracker March,Tchaikovsky,15,105,right
Nutcracker March,Tchaikovsky,15,105,left
Nutcracker March,Tchaikovsky,15,105,both
Nutcracker March,Tchaikovsky,16,105,right
Nutcracker March,Tchaikovsky,16,105,left
Nutcracker March,Tchaikovsky,16,105,both
Nutcracker March,Tchaikovsky,1-2,105,right
Nutcracker March,Tchaikovsky,1-2,105,left
Nutcracker March,Tchaikovsky,1-2,105,both
Nutcracker March,Tchaikovsky,3-4,105,right
Nutcracker March,Tchaikovsky,3-4,105,left
Nutcracker March,Tchaikovsky,3-4,105,both
Nutcracker March,Tchaikovsky,5-6,105,right
Nutcracker March,Tchaikovsky,5-6,105,left
Nutcracker March,Tchaikovsky,5-6,105,both
Nutcracker March,Tchaikovsky,7-8,105,right
Nutcracker March,Tchaikovsky,7-8,105,left
Nutcracker March,Tchaikovsky,7-8,105,both
Nutcracker March,Tchaikovsky,9-10,105,right
Nutcracker March,Tchaikovsky,9-10,105,left
Nutcracker March,Tchaikovsky,9-10,105,both
Nutcracker March,Tchaikovsky,11-12,105,right
Nutcracker March,Tchaikovsky,11-12,105,left
Nutcracker March,Tchaikovsky,11-12,105,both
Nutcracker March,Tchaikovsky,13-14,105,right
Nutcracker March,Tchaikovsky,13-14,105,left
Nutcracker March,Tchaikovsky,13-14,105,both
Nutcracker March,Tchaikovsky,15-16,105,right
Nutcracker March,Tchaikovsky,15-16,105,left
Nutcracker March,Tchaikovsky,15-16,105,both
Nutcracker March,Tchaikovsky,1-4,105,right
Nutcracker March,Tchaikovsky,1-4,105,left
Nutcracker March,Tchaikovsky,1-4,105,both
Nutcracker March,Tchaikovsky,5-8,105,right
Nutcracker March,Tchaikovsky,5-8,105,left
Nutcracker March,Tchaikovsky,5-8,105,both
Nutcracker March,Tchaikovsky,9-12,105,right
Nutcracker March,Tchaikovsky,9-12,105,left
Nutcracker March,Tchaikovsky,9-12,105,both
Nutcracker March,Tchaikovsky,13-16,105,right
Nutcracker March,Tchaikovsky,13-16,105,left
Nutcracker March,Tchaikovsky,13-16,105,both
Nutcracker March,Tchaikovsky,1-8,105,right
Nutcracker March,Tchaikovsky,1-8,105,left
Nutcracker March,Tchaikovsky,1-8,105,both
Nutcracker March,Tchaikovsky,9-16,105,right
Nutcracker March,Tchaikovsky,9-16,105,left
Nutcracker March,Tchaikovsky,9-16,105,both
Nutcracker March,Tchaikovsky,1,110,right
Nutcracker March,Tchaikovsky,1,110,left
Nutcracker March,Tchaikovsky,1,110,both
Nutcracker March,Tchaikovsky,2,110,right
Nutcracker March,Tchaikovsky,2,110,left
Nutcracker March,Tchaikovsky,2,110,both
Nutcracker March,Tchaikovsky,3,110,right
Nutcracker March,Tchaikovsky,3,110,left
Nutcracker March,Tchaikovsky,3,110,both
Nutcracker March,Tchaikovsky,4,110,right
Nutcracker March,Tchaikovsky,4,110,left
Nutcracker March,Tchaikovsky,4,110,both
Nutcracker March,Tchaikovsky,5,110,right
Nutcracker March,Tchaikovsky,5,110,left
Nutcracker March,Tchaikovsky,5,110,both
Nutcracker March,Tchaikovsky,6,110,right
Nutcracker March,Tchaikovsky,6,110,left
Nutcracker March,Tchaikovsky,6,110,both
Nutcracker March,Tchaikovsky,7,110,right
Nutcracker March,Tchaikovsky,7,110,left
Nutcracker March,Tchaikovsky,7,110,both
Nutcracker March,Tchaikovsky,8,110,right
Nutcracker March,Tchaikovsky,8,110,left
Nutcracker March,Tchaikovsky,8,110,both
Nutcracker March,Tchaikovsky,9,110,right
Nutcracker March,Tchaikovsky,9,110,left
Nutcracker March,Tchaikovsky,9,110,both
Nutcracker March,Tchaikovsky,10,110,right
Nutcracker March,Tchaikovsky,10,110,left
Nutcracker March,Tchaikovsky,10,110,both
Nutcracker March,Tchaikovsky,11,110,right
Nutcracker March,Tchaikovsky,11,110,left
Nutcracker March,Tchaikovsky,11,110,both
Nutcracker March,Tchaikovsky,12,110,right
Nutcracker March,Tchaikovsky,12,110,left
Nutcracker March,Tchaikovsky,12,110,both
Nutcracker March,Tchaikovsky,13,110,right
Nutcracker March,Tchaikovsky,13,110,left
Nutcracker March,Tchaikovsky,13,110,both
Nutcracker March,Tchaikovsky,14,110,right
Nutcracker March,Tchaikovsky,14,110,left
Nutcracker March,Tchaikovsky,14,110,both
Nutcracker March,Tchaikovsky,15,110,right
Nutcracker March,Tchaikovsky,15,110,left
Nutcracker March,Tchaikovsky,15,110,both
Nutcracker March,Tchaikovsky,16,110,right
Nutcracker March,Tchaikovsky,16,110,left
Nutcracker March,Tchaikovsky,16,110,both
Nutcracker March,Tchaikovsky,1-2,110,right
Nutcracker March,Tchaikovsky,1-2,110,left
Nutcracker March,Tchaikovsky,1-2,110,both
Nutcracker March,Tchaikovsky,3-4,110,right
Nutcracker March,Tchaikovsky,3-4,110,left
Nutcracker March,Tchaikovsky,3-4,110,both
Nutcracker March,Tchaikovsky,5-6,110,right
Nutcracker March,Tchaikovsky,5-6,110,left
Nutcracker March,Tchaikovsky,5-6,110,both
Nutcracker March,Tchaikovsky,7-8,110,right
Nutcracker March,Tchaikovsky,7-8,110,left
Nutcracker March,Tchaikovsky,7-8,110,both
Nutcracker March,Tchaikovsky,9-10,110,right
Nutcracker March,Tchaikovsky,9-10,110,left
Nutcracker March,Tchaikovsky,9-10,110,both
Nutcracker March,Tchaikovsky,11-12,110,right
Nutcracker March,Tchaikovsky,11-12,110,left
Nutcracker March,Tchaikovsky,11-12,110,both
Nutcracker March,Tchaikovsky,13-14,110,right
Nutcracker March,Tchaikovsky,13-14,110,left
Nutcracker March,Tchaikovsky,13-14,110,both
Nutcracker March,Tchaikovsky,15-16,110,right
Nutcracker March,Tchaikovsky,15-16,110,left
Nutcracker March,Tchaikovsky,15-16,110,both
Nutcracker March,Tchaikovsky,1-4,110,right
Nutcracker March,Tchaikovsky,1-4,110,left
Nutcracker March,Tchaikovsky,1-4,110,both
Nutcracker March,Tchaikovsky,5-8,110,right
Nutcracker March,Tchaikovsky,5-8,110,left
Nutcracker March,Tchaikovsky,5-8,110,both
Nutcracker March,Tchaikovsky,9-12,110,right
Nutcracker March,Tchaikovsky,9-12,110,left
Nutcracker March,Tchaikovsky,9-12,110,both
Nutcracker March,Tchaikovsky,13-16,110,right
Nutcracker March,Tchaikovsky,13-16,110,left
Nutcracker March,Tchaikovsky,13-16,110,both
Nutcracker March,Tchaikovsky,1-8,110,right
Nutcracker March,Tchaikovsky,1-8,110,left
Nutcracker March,Tchaikovsky,1-8,110,both
Nutcracker March,Tchaikovsky,9-16,110,right
Nutcracker March,Tchaikovsky,9-16,110,left
Nutcracker March,Tchaikovsky,9-16,110,both
Nutcracker March,Tchaikovsky,1,120,right
Nutcracker March,Tchaikovsky,1,120,left
Nutcracker March,Tchaikovsky,1,120,both
Nutcracker March,Tchaikovsky,2,120,right
Nutcracker March,Tchaikovsky,2,120,left
Nutcracker March,Tchaikovsky,2,120,both
Nutcracker March,Tchaikovsky,3,120,right
Nutcracker March,Tchaikovsky,3,120,left
Nutcracker March,Tchaikovsky,3,120,both
Nutcracker March,Tchaikovsky,4,120,right
Nutcracker March,Tchaikovsky,4,120,left
Nutcracker March,Tchaikovsky,4,120,both
Nutcracker March,Tchaikovsky,5,120,right
Nutcracker March,Tchaikovsky,5,120,left
Nutcracker March,Tchaikovsky,5,120,both
Nutcracker March,Tchaikovsky,6,120,right
Nutcracker March,Tchaikovsky,6,120,left
Nutcracker March,Tchaikovsky,6,120,both
Nutcracker March,Tchaikovsky,7,120,right
Nutcracker March,Tchaikovsky,7,120,left
Nutcracker March,Tchaikovsky,7,120,both
Nutcracker March,Tchaikovsky,8,120,right
Nutcracker March,Tchaikovsky,8,120,left
Nutcracker March,Tchaikovsky,8,120,both
Nutcracker March,Tchaikovsky,9,120,right
Nutcracker March,Tchaikovsky,9,120,left
Nutcracker March,Tchaikovsky,9,120,both
Nutcracker March,Tchaikovsky,10,120,right
Nutcracker March,Tchaikovsky,10,120,left
Nutcracker March,Tchaikovsky,10,120,both
Nutcracker March,Tchaikovsky,11,120,right
Nutcracker March,Tchaikovsky,11,120,left
Nutcracker March,Tchaikovsky,11,120,both
Nutcracker March,Tchaikovsky,12,120,right
Nutcracker March,Tchaikovsky,12,120,left
Nutcracker March,Tchaikovsky,12,120,both
Nutcracker March,Tchaikovsky,13,120,right
Nutcracker March,Tchaikovsky,13,120,left
Nutcracker March,Tchaikovsky,13,120,both
Nutcracker March,Tchaikovsky,14,120,right
Nutcracker March,Tchaikovsky,14,120,left
Nutcracker March,Tchaikovsky,14,120,both
Nutcracker March,Tchaikovsky,15,120,right
Nutcracker March,Tchaikovsky,15,120,left
Nutcracker March,Tchaikovsky,15,120,both
Nutcracker March,Tchaikovsky,16,120,right
Nutcracker March,Tchaikovsky,16,120,left
Nutcracker March,Tchaikovsky,16,120,both
Nutcracker March,Tchaikovsky,1-2,120,right
Nutcracker March,Tchaikovsky,1-2,120,left
Nutcracker March,Tchaikovsky,1-2,120,both
Nutcracker March,Tchaikovsky,3-4,120,right
Nutcracker March,Tchaikovsky,3-4,120,left
Nutcracker March,Tchaikovsky,3-4,120,both
Nutcracker March,Tchaikovsky,5-6,120,right
Nutcracker March,Tchaikovsky,5-6,120,left
Nutcracker March,Tchaikovsky,5-6,120,both
Nutcracker March,Tchaikovsky,7-8,120,right
Nutcracker March,Tchaikovsky,7-8,120,left
Nutcracker March,Tchaikovsky,7-8,120,both
Nutcracker March,Tchaikovsky,9-10,120,right
Nutcracker March,Tchaikovsky,9-10,120,left
Nutcracker March,Tchaikovsky,9-10,120,both
Nutcracker March,Tchaikovsky,11-12,120,right
Nutcracker March,Tchaikovsky,11-12,120,left
Nutcracker March,Tchaikovsky,11-12,120,both
Nutcracker March,Tchaikovsky,13-14,120,right
Nutcracker March,Tchaikovsky,13-14,120,left
Nutcracker March,Tchaikovsky,13-14,120,both
Nutcracker March,Tchaikovsky,15-16,120,right
Nutcracker March,Tchaikovsky,15-16,120,left
Nutcracker March,Tchaikovsky,15-16,120,both
Nutcracker March,Tchaikovsky,1-4,120,right
Nutcracker March,Tchaikovsky,1-4,120,left
Nutcracker March,Tchaikovsky,1-4,120,both
Nutcracker March,Tchaikovsky,5-8,120,right
Nutcracker March,Tchaikovsky,5-8,120,left
Nutcracker March,Tchaikovsky,5-8,120,both
Nutcracker March,Tchaikovsky,9-12,120,right
Nutcracker March,Tchaikovsky,9-12,120,left
Nutcracker March,Tchaikovsky,9-12,120,both
Nutcracker March,Tchaikovsky,13-16,120,right
Nutcracker March,Tchaikovsky,13-16,120,left
Nutcracker March,Tchaikovsky,13-16,120,both
Nutcracker March,Tchaikovsky,1-8,120,right
Nutcracker March,Tchaikovsky,1-8,120,left
Nutcracker March,Tchaikovsky,1-8,120,both
Nutcracker March,Tchaikovsky,9-16,120,right
Nutcracker March,Tchaikovsky,9-16,120,left
Nutcracker March,Tchaikovsky,9-16,120,both
